model,j,lambda_max,passes
predictive_failure,1,1.0,True
predictive_failure,2,1.0,True
predictive_failure,3,1.0,True
predictive_failure,4,1.0,True
predictive_failure,5,1.0,True
predictive_failure,6,1.2,False
predictive_failure,7,1.4,False
predictive_failure,8,1.6,False
predictive_failure,9,1.8,False
predictive_failure,10,2.0,False
predictive_failure,11,2.2,False
predictive_failure,12,2.4,False
predictive_failure,13,2.6,False
predictive_failure,14,2.8,False
predictive_failure,15,3.0,False
predictive_failure,16,3.2,False
predictive_failure,17,3.4,False
predictive_failure,18,3.6,False
predictive_failure,19,3.8,False
predictive_failure,20,4.0,False
summable_propagation,1,0.265,True
summable_propagation,2,0.268825,True
summable_propagation,3,0.2705335,True
summable_propagation,4,0.27149666687499996,True
summable_propagation,5,0.2721138642084999,True
summable_propagation,6,0.27254281635528244,True
summable_propagation,7,0.2728581399537948,True
summable_propagation,8,0.2730996581225304,True
summable_propagation,9,0.2732905469270051,True
summable_propagation,10,0.27344520503639047,True
summable_propagation,11,0.2735730472190411,True
summable_propagation,12,0.27368048792004374,True
summable_propagation,13,0.27377204774109937,True
summable_propagation,14,0.2738510040725015,True
summable_propagation,15,0.27391979082841905,True
summable_propagation,16,0.27398025331207754,True
summable_propagation,17,0.27403381595936555,True
summable_propagation,18,0.2740815958245482,True
summable_propagation,19,0.27412448123151906,True
summable_propagation,20,0.27416318745558066,True
