artifact,kind,role,notes
step205_results_summary.md,summary,diagnostic,"human-readable Step 205 result"
step205_schema.json,machine-schema,diagnostic,"structured Step 205 record"
content_classification_step205.csv,classification,administrative,"artifact ledger"
nonclaim_boundary_step205.md,nonclaim-boundary,guardrail,"explicit nonclaims"
step205_kappa_tau_sampling.tex,latex-report,diagnostic,"formal sampling audit"
derive_kappa_tau_step205.py,symbolic-script,computational,"audits kappa sampling formula"
compute_kappa_tau_samples_step205.py,numerical-script,computational,"candidate boundary-kernel samples"
compute_c_matrix_step205.py,numerical-script,computational,"records c blocker"
compute_xi_decision_step205.py,decision-script,computational,"records Xi decision"
compute_step205_output.txt,script-output,computational,"captured outputs"
run_step205_checks.py,validator,administrative,"validates artifacts"
kappa_tau_formula_derivation_step205.csv,derivation-ledger,diagnostic,"operator-chain audit"
kappa_tau_samples_step205.csv,numerical-data,computational,"candidate samples"
c_matrix_step205.csv,status-data,computational,"c matrix blocker"
G_matrix_step205.csv,numerical-data,computational,"G matrix inherited from Step204"
xi_decision_step205.csv,decision,diagnostic,"Xi decision"
robustness_step205.csv,robustness,diagnostic,"robustness status"
residual_tree_step205.csv,residual-tree,diagnostic,"residual tree update"
route_status_step205.csv,route-status,diagnostic,"route status"
construction_tasks_step205.csv,next-task-ledger,diagnostic,"follow-up tasks"
classical_theorems_cited_step205.csv,citation-ledger,diagnostic,"citations"

