source,result,used_for,provenance
"Burnol 2002 math/0208121","equation 1 lines 170-181","bilinear de Branges kernel and evaluator-at-reflected-point convention","arXiv source fetched 2026-05-16 during Step 203"
"Burnol 2002 math/0208121","Theorem 4","projection pi_lambda=P_{K_lambda}","manager-led paper-fetch audit 2026-05-16; inherited from Step 201"
"Burnol 2002 math/0208121","Corollary 5","(1 +/- F_lambda)^(-1) projection simplifications","manager-led paper-fetch audit 2026-05-16; inherited from Step 201"
"Burnol 2002 math/0208121","Definition 2","psi_+^lambda and psi_-^lambda definitions","manager-led paper-fetch audit 2026-05-16; inherited from Step 201"
"Burnol 2002 math/0208121","Lemme 3","PSWF/spheroidal basis context for G_lambda","manager-led paper-fetch audit 2026-05-16; inherited from Step 201"
"Burnol 2002 math/0208121","Theorem 8 lines 393-403","explicit E_lambda and isometric coincidence with B(E_lambda)","arXiv source fetched 2026-05-16 during Step 203"
"Burnol 2004 math/0203120 [19]","Theorem 3.1 / thmA","Y^a minimal/complete and dual-system context","arXiv source fetched 2026-05-16 during Step 203"
"Burnol 2004 math/0203120 [19]","Theorem 3.2 / thmAprime","Z^a minimal but not complete for a<1","arXiv source fetched 2026-05-16 during Step 203"
"Burnol 2004 math/0203120 [19]","lines 551-560","dual systems and Euclid bilinear form [f,g]=int f(t)g(t)dt","arXiv source fetched 2026-05-16 during Step 203"
"Burnol 2004 math/0112254","Theorem 6.10","Mellin completion pi^(-s/2)Gamma(s/2)","manager-led paper-fetch audit 2026-05-16; inherited from Step 201"

