trial,min_slack,passes
0,0.006965937047720749,True
1,0.5824804657090324,True
2,0.06386408044839892,True
3,0.05846091755156574,True
4,0.5554970828337986,True
5,0.04226271818544337,True
6,0.10266232187896672,True
7,0.1716984267328436,True
8,0.003866406380055052,True
9,0.32822933151526135,True
10,0.024281129351369446,True
11,0.03492512523274683,True
12,0.05811635075231647,True
13,0.5274352448820219,True
14,0.26897754147966013,True
15,0.26211988732519903,True
16,0.5852357434209545,True
17,0.06894169414578866,True
18,0.6032046155669036,True
19,0.5421349097190364,True
