constraint_id,source_retract,gate_source,constraint_class,failure_shape,formal_prohibition,design_locus,grammar_scope,status,status_reason,subsumed_by,conflicts_with,weakened_by,unsat_core_id,satisfaction_history,last_checked_attempt,proof_ref
C1_modeA_motivic_decorative,step347,non_gate,decorative_carrier_on_computable_quantity,Mode A virtual motive M^♭ on cascade |L_k| values: ablation drops F(H)=Z+Ω → F(H)=Z with 0/100 numerical change,carrier_must_not_label_existing_directly_computable_evaluator_quantities_without_adding_new_arithmetic_content,carrier_axiom_target,G_U_flat,diagnostic_only,PIVOT 2026-05-19: carrier-local to Route 1 arithmetic-derived carrier design; not structural for Route 2 operator construction. Remains as historical Route 1 record.,,,,,(step356_U_flat,carrier_signature_targets_transfer_search_not_label_of_computable),step356
C2_modeA_KL_ablation_inert,step348,ablation,inert_axiom_zero_change_on_drop,Mode A KL divergence Δ_KL[Hecke|ζ]: drops non-negativity axiom; 0/21 numerical change across cascade evaluator pairings,axiom_drop_must_produce_nonzero_numerical_change_on_at_least_one_cascade_evaluator_cell,axiom_basis,G_U_flat,diagnostic_only,PIVOT 2026-05-19: carrier-local to Route 1; not structural for Route 2.,,,,,(step356_U_flat,5_axiom_basis_each_load_bearing_in_Stage_II_preview),step356
C3_modeA_freeenergy_anchor_failure,step349,negative_controls,coefficient_free_derivation_one_anchor_only,"Mode A statistical-physics virtual free-energy F: coefficient-free θ(T,d) via GUE-spacing borderline pass at ρ_1, fails 30%+ at ρ_2 ρ_3",coefficient_free_derivation_must_match_data_at_multiple_independent_anchors_not_just_reference_zero,validation_anchors,G_U_flat,diagnostic_only,Step 349 PARTIAL SUBSTANTIVE; carrier-local to Route 1.,,,,,,step356,anti_loc/thread/steps/step349_mode_A_free_energy_artifacts
C4_modeC_H6_obstruction_vocabulary,step355,non_gate,structural_obstruction_specified,Mode C SAU profile-recombination on H6 bridge: Stage III obstruction in Langlands functoriality + trace formula + test-function pairings + kernel preservation vocabulary,carrier_must_not_route_descent_through_Langlands_functoriality_trace_formula_or_kernel_preservation_lane,connection_step,G_U_flat,diagnostic_only,PIVOT 2026-05-19: H6 obstruction is Route 1 arithmetic-internal; for Route 2 operator route C_no_adelic_substrate + C_explicit_formula_natural cover the structural concern.,,,,,(step356_U_flat,U_flat_uses_5_state_finite_signature_not_Langlands_kernel),step356
C5_modeB_U_flat_underfit,step364_comparison,negative_controls,transfer_search_underfit,"U^♭ (5 state): training 1.22, hold-out 1.63 - under-fit",transfer_search_parameter_space_must_have_sufficient_expressivity_to_reduce_training_below_threshold_T_train,transfer_search_param_space,G_U_flat,diagnostic_only,PIVOT 2026-05-19: transfer-search-specific to Route 1 U^♭ family; not applicable to operator construction.,,,,,(step361_U_flat_prime,8_state_basis_added_for_expressivity),step365
C6_modeB_U_flat_prime_overfit,step361,negative_controls,transfer_search_overfit,"U^♭' (8 state): training 0.27, hold-out 1.97 - overfit",transfer_search_must_generalize_holdout_error_within_factor_of_training_error,holdout_validation,G_U_flat,diagnostic_only,PIVOT 2026-05-19: Route 1 transfer-search-specific.,,,,,(step363_U_flat_dd,4_state_with_richer_rewrites_to_balance),step365
C7_modeB_U_flat_dd_overfit,step363,negative_controls,transfer_search_overfit_with_richer_rewrites,"U^♭'' (4 state + rich rewrites): training 0.16, hold-out 1.97 - same overfit",same_as_C6_with_axiom_richness_substitution_for_state_count,holdout_validation,G_U_flat,subsumed,subsumed by C6 under same generalization-failure pattern,C6_modeB_U_flat_prime_overfit,,,,,step365,anti_loc/thread/steps/step363_mode_B_U_flat_dd_artifacts
C8_modeB_U_flat_graph_failed,step364,negative_controls,framing_variation_does_not_address_obstruction,"U^♭_G (graph framing): training 1.76, hold-out 2.12 - both fail",surface_framing_variation_without_engineering_against_failure_shape_is_irrelevance_catalogue,carrier_signature_shape,G_U_flat,diagnostic_only,PIVOT 2026-05-19: Route 1 framing-variation finding; general principle that framing-only changes don't help also applies broadly but is captured by Route 2's structural distinction principle.,,,,,,step365,anti_loc/thread/steps/step364_mode_B_U_flat_graph_artifacts
C9_modeB_U_flat_rewrite_failed,step365,negative_controls,framing_variation_does_not_address_obstruction,U^♭_R (rewrite-only): same Stage III retract pattern,same_as_C8_with_rewrite-only_framing,carrier_signature_shape,G_U_flat,subsumed,subsumed by C8,C8_modeB_U_flat_graph_failed,,,,,step365,anti_loc/thread/steps/step365_mode_B_U_flat_rewrite_artifacts
C10_operator_certificate_open,step416,non_gate,open_residual_sub_component,"U^♭_reg constraint-driven Stage III closes log-magnitude residual but operator certificate component of (mag, phase, operator) H6 decomposition remains unresolved",carrier_must_address_operator_certificate_component_not_only_magnitude,admissible_expressions,G_U_flat_reg,diagnostic_only,PIVOT 2026-05-19: Route 1 H6 sub-component; parked along with R_H6_bridge.,,,,,(step416_U_flat_reg,magnitude_closed_at_lambda_3_train_RMSE_0.066_holdout_0.039),step416
C11_magnitude_lacks_OOS_char_embedding,step418,gate_5,parametric_fit_not_structural,U^♭_reg λ=3 magnitude model has feature columns tied to specific training characters,carrier_magnitude_predictor_must_have_intrinsic_character_embedding_rule,admissible_expressions,G_U_flat_reg,diagnostic_only,PIVOT 2026-05-19: Route 1 magnitude-predictor finding; parked.,,,,,,step418,anti_loc/thread/steps/step418_U_flat_reg_OOS_generalization_artifacts
C_arithmetic_independence,cross_track_historical_pattern,non_gate,structural_route_2_universal,"Hilbert-Polya graveyard: every prior attempt's upstairs construction smuggled arithmetic vocabulary via ζ, prime-counting, modular forms, adèles, idèles, class field structures, or L-function special values",operator_H_and_Hilbert_space_and_domain_and_construction_primitives_must_be_specifiable_in_arithmetic_independent_vocabulary_arithmetic_may_enter_only_in_audited_descent,carrier_construction_substrate,Route_2_always_transfer,active,Route 2 always-transfer constraint distilled from 110-year Hilbert-Polya graveyard cross-track diagnostic; primary obstruction observed across Berry-Keating Connes Selberg-analog and Bogomolny attempts,,,,,,step432,cross_track_strategy_notes_principle_under_NDO_framework
C_self_adjoint_native,Berry_Keating_1999_2011,non_gate,structural_route_2_universal,Berry-Keating H = ½(xp+px): not self-adjoint on L²(ℝ⁺) without specific boundary conditions; required boundary conditions involve ζ-zeros or arithmetic data smuggling the very correspondence,self_adjointness_of_H_must_follow_from_operator_theoretic_axioms_applied_to_declared_Hilbert_space_and_domain_no_boundary_conditions_involving_zeta_zeros_or_arithmetic_derived_bound_states,domain_self_adjointness_proof,Route_2_always_transfer,active,Berry-Keating obstruction precisely documented in their papers; the boundary-condition smuggling is the named failure shape,,,,,,step432,manager_audit_pending_Berry_Keating_1999
C_no_adelic_substrate,Connes_1999_spectral_realization,non_gate,structural_route_2_universal,Connes spectral realization of ζ-zeros: underlying space is Q*\A* / compact factor (adèles modulo idèles); the adelic structure encodes arithmetic primitively,Hilbert_space_construction_cannot_use_adèles_idèles_class_field_structures_or_quotients_thereof_NCG_constructions_permitted_only_if_spectral_triple_does_not_involve_arithmetic_data,Hilbert_space_substrate,Route_2_always_transfer,active,Connes 1999 obstruction: adelic substrate is arithmetic-encoded; non-arithmetic NCG requires structurally different spectral triple,,,,,,step432,manager_audit_pending_Connes_1999
C_no_tautology,universal_no_smuggling_gate,gate_1_or_gate_6,structural_route_2_universal,Construction stipulates Spec(H) = {non-trivial-zero imaginary parts} by definition rather than deriving it,construction_must_NOT_stipulate_spectrum_zeros_correspondence_the_connection_from_H_to_zeta_zeros_must_be_proved_via_audit_chain_not_defined_by_construction,axiom_basis,Route_2_always_transfer,active,Universal no-smuggling gate G1 + G6 combined into a Route 2 structural constraint; tautological constructions are not Mode B carriers,,,,,,step432,
C_explicit_formula_natural,Riemann_von_Mangoldt_Weil_explicit_formula,non_gate,structural_route_2_universal,Construction inserts log(p)/p^s factors or arithmetic-side terms by hand into the trace formula rather than deriving them from operator-theoretic structure,primes_zeros_duality_of_explicit_formula_must_fall_out_of_operator_trace_structure_naturally_not_imported_as_axiom_primes_side_terms_must_arise_from_generic_operator_theoretic_structure_e_g_periodic_orbits_of_dynamical_system_or_trace_of_compact_perturbation,trace_formula_derivation,Route_2_always_transfer,active,Explicit formula structure is the natural Stage II audit anchor; deriving it without smuggling is the substantive content of Route 2,,,,,,step432,
C_GUE_natural,Montgomery_Odlyzko_pair_correlation,non_gate,structural_route_2_universal,GUE statistics of constructed spectrum assumed as input rather than derived from generic operator-theoretic universality theorem applied to H; REFINED post step 433: real Laplacians on Riemannian manifolds preserve TIME-REVERSAL SYMMETRY and yield GOE not GUE; H must break TRS to produce the observed GUE statistics of ζ-zeros,GUE_statistics_of_spectrum_should_follow_from_generic_operator_theoretic_properties_AND_construction_must_BREAK_TIME_REVERSAL_SYMMETRY_via_complex_potential_OR_chirality_OR_magnetic_field_analog_OR_PT_symmetric_framework_to_produce_GUE_rather_than_GOE,statistical_universality_argument_plus_TRS_breaking,Route_2_always_transfer,active,Refined from step 433 G_selberg_analog retract: real Δ_M yielded GOE not GUE; construction must structurally break TRS.,,,,,(step433_G_selberg_analog,FAIL_GOE_not_GUE_real_Laplacian),step433
C_trace_formula_compatibility,Selberg_trace_formula_1956_onward,non_gate,structural_route_2_universal,Construction's trace formula does not structurally match Riemann-von-Mangoldt/Weil explicit formula or matches only after ad-hoc reparametrization,if_construction_generates_trace_formula_formula_must_structurally_match_Riemann_von_Mangoldt_Weil_but_match_must_be_derived_not_stipulated_each_term_on_each_side_must_have_explicit_operator_theoretic_origin,trace_formula_correspondence,Route_2_always_transfer,active,Selberg trace formula for arithmetic Γ\\H precedent; non-arithmetic substrate must produce structurally matching trace formula. Step 433 FAILED at G_selberg_analog_non_arithmetic: ℓ(γ) ≠ log(p) structurally; constraint distilled into C_length_spectrum_arithmetic_mismatch.,,,,,(step433_G_selberg_analog_non_arithmetic,FAIL_ell_not_logp),step433
C_length_spectrum_arithmetic_mismatch,step433_G_selberg_analog,gate_5_plus_C_trace_formula,structural_route_2_universal,"Non-arithmetic compact hyperbolic surface M_0 with ℓ_1=2, ℓ_2=2√2, ℓ_3=2√3 produces closed-geodesic length spectrum that does NOT match {log(p) : p prime}; Selberg trace formula for M_0 is only formally analogous to Weil explicit formula for ζ",any_candidate_substrate_Selberg_analog_or_similar_must_explain_why_its_primitive_object_spectrum_geodesic_lengths_periodic_orbit_periods_or_analogous_structural_objects_equals_or_canonically_transforms_to_log_p_for_rational_primes_OR_construction_must_derive_zeta_via_primes_side_that_does_NOT_come_from_Selberg_style_geometric_trace,trace_formula_geometric_side_primitive_object_spectrum,Route_2_always_transfer,active,Distilled from step 433 Stage I retract under G_selberg_analog_non_arithmetic; geodesic-length-vs-log-prime mismatch is the structural failure shape of trace-formula-style Selberg-analog Route 2 constructions,,,,,,step433,anti_loc/thread/steps/step433_route2_stageI_selberg_analog_artifacts
C_boundary_phase_arithmetic_smuggling,step434_G_quantum_semiclassical_Sierra,C_self_adjoint_native_recurrence,structural_route_2_universal,Sierra 2011 H = x(p + l_p^2/p) and related cutoff/modified Berry-Keating models require self-adjoint extension or boundary phase data; choosing the phase to select zeta or Dirichlet L-functions imports arithmetic target data. Bare H_sym on natural L^2(R+) is essentially self-adjoint and has no tuning phase.,any_self_adjoint_extension_parameter_boundary_phase_deficiency_index_family_or_regularization_parameter_must_be_fixed_by_arithmetic_independent_domain_data_using_such_a_parameter_to_encode_zeta_zeros_Dirichlet_characters_conductor_labels_or_L_function_selections_constitutes_arithmetic_smuggling_and_violates_C_self_adjoint_native,boundary_conditions_domain_parametrization,Route_2_always_transfer,active,"PROMOTED theorem-grade by step440 Mode A no-go: von Neumann extension parameters are operator-domain data; arithmetic tuning violates arithmetic independence; bare Berry-Keating H_sym corrected to deficiency (0,0)",,,,,"(step440_ModeA,theorem_grade_boundary_phase_no_go)",step440,anti_loc/thread/steps/step440_modeA_nogo_boundary_phase_artifacts
C_ensemble_distributional_not_pointwise,step435_G_universal_forced_GUE,gate_5_plus_gate_6,structural_route_2_universal,Canonical GUE ensemble matches ζ-zero pair correlation R_2(s) = 1 - (sin(πs)/(πs))^2 via Montgomery + Erdős-Schlein-Yau + Tao-Vu universality theorems but cannot produce DETERMINISTIC pointwise Spec(H) = {γ_n}; selecting realization with eigenvalues = ζ-zeros is tautological or arithmetic smuggling via conditioning measure,random_matrix_ensemble_constructions_can_match_zeta_zero_LOCAL_STATISTICS_via_universality_theorems_but_Hilbert_Polya_requires_DETERMINISTIC_operator_with_explicit_POINTWISE_spectrum_equal_to_zeta_zero_imaginary_parts_conditioning_on_or_selecting_specific_ensemble_realization_to_match_zeta_zeros_is_tautology_or_arithmetic_smuggling_via_conditioning_measure,ensemble_vs_deterministic_spectrum,Route_2_always_transfer,active,Distilled from step 435 G_universal_forced_GUE retract; ensemble-only constructions cannot satisfy Hilbert-Polya pointwise requirement,,,,,,step435,anti_loc/thread/steps/step435_route2_stageI_universal_forced_GUE_artifacts
C_spectral_zeta_not_spectrum,step436_G_spectral_geometric_non_adelic,gate_5_plus_gate_6,structural_route_2_universal,"Step 436 circle spectral triple has zeta_D(s)=2R^s zeta(s) but Spec(D_R)=R^{-1}Z, not the zeta-zero ordinates; spectral-zeta equality is not Hilbert-Polya pointwise spectral realization",matching_zeta_as_spectral_zeta_Tr_abs_D_power_minus_s_or_matching_zeros_of_zeta_D_does_not_satisfy_Route_2_unless_an_independent_pointwise_spectral_mechanism_identifies_operator_eigenvalues_with_zeta_zero_ordinates,spectral_zeta_vs_operator_spectrum,Route_2_always_transfer,active,PROMOTED theorem-grade by step439 Mode A no-go: circle spectral triple counterexample proves spectral-zeta correspondence alone is insufficient for pointwise Hilbert-Polya spectrum,,,,,"(step439_ModeA,theorem_grade_counterexample_no_go)",step439,anti_loc/thread/steps/step439_modeA_nogo_spectral_zeta_artifacts
C_adequacy_residual_must_derive,step441_G_constitutive_closure_design,gate_6,structural_grammar_local,Designs may declare Ξ_C(D|L) = 0 by definition on the ζ-scope (axiom stipulation) rather than derive it from the Schur identity + Loewner-order budgets supplied by predictive native membrane and dissolving transport. Such a stipulation is a single-axiom RH-equivalence and violates gate 6.,adequacy_residual_vanishing_Xi_C_D_given_L_equal_zero_on_declared_scope_must_be_DERIVED_via_finite_typed_chain_from_membrane_axiom_A1_propagation_axiom_A2_Schur_identity_A3_and_layer_dissolving_endpoint_A4_NOT_stipulated_axiomatically,adequacy_residual_derivation,G_constitutive_closure,diagnostic_only,"Step 445 transfer decision: this constraint's formal_prohibition references the 4-component package's A1-A4 chain including the audit-currency component A. Under the new grammar G_closure_only_no_audit (3-component, no separate audit-currency), the audit-currency reference becomes non-applicable. The underlying no-tautology principle still applies and is covered by the universal C_no_tautology row for the new grammar. Was active under G_constitutive_closure for steps 441-443.",,,,,,step445,
C_native_membrane_no_L_side_smuggling,step441_G_constitutive_closure_design,gate_1,structural_grammar_local,Designs may smuggle L-function side data (ζ-values special values Dirichlet L data prime counting modular forms) into the predictive native membrane K̂_j or into the audit currency a^♯; such smuggling routes arithmetic content through the native layer in violation of arithmetic independence.,predictive_native_membrane_M_and_audit_currency_A_must_be_constructed_from_operator_theoretic_functional_analytic_or_native_probe_primitives_ONLY_no_explicit_zeta_values_or_L_function_side_data_may_appear_in_the_definition_or_construction_of_M_or_A_arithmetic_content_enters_ONLY_via_audited_descent_a_hash_gated_by_the_adequacy_residual,native_membrane_and_audit_currency_construction,G_constitutive_closure,diagnostic_only,"Step 445 transfer decision: this constraint's formal_prohibition explicitly references the audit-currency component A. Under G_closure_only_no_audit there is no A component so the audit-currency-half of the prohibition is moot. The native-membrane-half (predictive currency K^L must use operator-theoretic primitives only) survives and is covered by the universal C_arithmetic_independence row for the new grammar; if a more specific G_closure_only_no_audit-local variant is needed, it will be declared at step 445 carrier or later. Was active under G_constitutive_closure for steps 441-443.",,,,,,step445,
C_zero_height_audit_currency_smuggling,step441_G_constitutive_closure,gate_5_plus_gate_6,structural_route_2_universal,"G_constitutive_closure can build formal Loewner-Schur membrane data, but the audit currency A cannot predict the first nontrivial zeta-zero heights from functional-equation/gamma/operator primitives alone; inserting the 10 heights imports zeta-side spectral data",audit_currency_for_zero_locations_must_derive_numerical_zero_heights_from_declared_operator_theoretic_primitives_without_direct_zeta_evaluation_zero_tables_or_equivalent_spectral_input,audit_currency_zero_height_prediction,Route_2_always_transfer,subsumed,Step 446 local Mode B saturation proof: audit-content derivability tension is structural across constitutive-closure design space at L-function substrate; constraint remains as evidence but is no longer an active independent Route 2 row for this design class.,step446_saturation_proof_constitutive_closure_design_space,,,,"(step441_G_constitutive_closure,Stage_I_retract_zero_height_audit_currency)",step446,anti_loc/thread/steps/step446_formal_local_saturation_proof_constitutive_closure_artifacts
C_positivity_audit_kernel_positivity_must_derive,step442_G_constitutive_closure_positivity_audit,gate_6_plus_C_native_membrane_no_L_side_smuggling,structural_route_2_universal,A de Branges positivity-form audit avoids explicit zero-height lookup but requires deriving Hermite-Biehler/reproducing-kernel positivity for E_xi; treating E_xi or its positivity as an oracle imports target zeta-function data or stipulates an RH-equivalent predicate,positivity_form_audit_currency_must_derive_kernel_positivity_or_Hermite_Biehler_conditions_from_declared_operator_theoretic_primitives_without_using_xi_zeta_values_zero_sets_prime_sums_or_RH_equivalent_positivity_as_an_axiom,positivity_audit_currency_derivation,Route_2_always_transfer,subsumed,Step 446 local Mode B saturation proof: audit-content derivability tension is structural across constitutive-closure design space at L-function substrate; constraint remains as evidence but is no longer an active independent Route 2 row for this design class.,step446_saturation_proof_constitutive_closure_design_space,,,,"(step442_G_constitutive_closure,Stage_I_retract_positivity_kernel_derivation)",step446,anti_loc/thread/steps/step446_formal_local_saturation_proof_constitutive_closure_artifacts
C_weil_positivity_explicit_formula_smuggling,step443_G_constitutive_closure_weil_positivity,gate_1_plus_gate_6,structural_route_2_universal,"Weil positivity audit currency has a concrete branch requiring zero-side heights or prime-side von Mangoldt data, and a formal-symbol branch that avoids smuggling but cannot produce numerical adequacy residual or derive positivity",weil_positivity_audit_currency_must_not_use_zero_heights_prime_sums_von_Mangoldt_or_RH_equivalent_formal_positivity_as_primitives;_if_formal_it_must_still_derive_numeric_or_order_theoretic_adequacy_residual_from_allowed_primitives,weil_explicit_formula_audit_currency,Route_2_always_transfer,subsumed,Step 446 local Mode B saturation proof: audit-content derivability tension is structural across constitutive-closure design space at L-function substrate; constraint remains as evidence but is no longer an active independent Route 2 row for this design class.,step446_saturation_proof_constitutive_closure_design_space,,,,"(step443_G_constitutive_closure,Stage_I_retract_weil_positivity_smuggling)",step446,anti_loc/thread/steps/step446_formal_local_saturation_proof_constitutive_closure_artifacts
C_capacity_bound_semantic_audit_smuggling,step445_G_closure_only_no_audit,gate_6_plus_falsification_condition_3,structural_route_2_universal,"Closure-only package can verify formal Loewner capacity bounds, but interpreting K^D <= Theta^D as zero-localization requires an implicit external audit or an RH-equivalent Theta^D specification",capacity_bound_or_dissolving_probe_semantics_must_be_derived_from_declared_operator_primitives_without_encoding_critical_line_zero_localization_or_reintroducing_audit_currency_as_semantic_interpretation,capacity_bound_semantics,Route_2_always_transfer,subsumed,Step 446 local Mode B saturation proof: audit-content derivability tension is structural across constitutive-closure design space at L-function substrate; constraint remains as evidence but is no longer an active independent Route 2 row for this design class.,step446_saturation_proof_constitutive_closure_design_space,,,,"(step445_G_closure_only_no_audit,Stage_I_retract_capacity_semantics)",step446,anti_loc/thread/steps/step446_formal_local_saturation_proof_constitutive_closure_artifacts
