j,xi
1,1.5
2,1.8333333333333333
3,2.083333333333333
4,2.283333333333333
5,2.4499999999999997
6,2.5928571428571425
7,2.7178571428571425
8,2.8289682539682537
9,2.9289682539682538
10,3.0198773448773446
11,3.103210678210678
12,3.180133755133755
13,3.251562326562327
14,3.3182289932289937
15,3.3807289932289937
16,3.439552522640758
17,3.4951080781963135
18,3.547739657143682
19,3.597739657143682
20,3.6453587047627294
21,3.690813250217275
22,3.73429151108684
23,3.7759581777535067
24,3.8159581777535068
25,3.854419716215045
26,3.8914567532520823
27,3.927171038966368
28,3.9616537975870574
29,3.9949871309203906
30,4.02724519543652
31,4.05849519543652
32,4.08879822573955
33,4.118209990445433
34,4.146781419016861
35,4.174559196794639
36,4.201586223821666
37,4.22790201329535
38,4.2535430389363755
39,4.278543038936376
40,4.302933282838815
41,4.326742806648339
42,4.349998620601827
43,4.3727258933290996
44,4.394948115551322
45,4.416687245986104
46,4.4379638417307845
47,4.4587971750641175
48,4.4792053383294235
49,4.499205338329423
50,4.518813181466678
51,4.538043950697447
52,4.556911875225749
53,4.575430393744267
54,4.593612211926086
55,4.611469354783229
56,4.6290132144323515
57,4.646254593742697
58,4.6632037462850695
59,4.679870412951736
60,4.696263855574687
61,4.712392887832752
62,4.7282659037057675
63,4.7438909037057675
64,4.759275519090383
65,4.774427034241898
66,4.789352407376227
67,4.804058289729168
68,4.818551043352357
69,4.832836757638071
70,4.846921264680325
71,4.860810153569214
72,4.8745087837062
73,4.888022297219713
74,4.901355630553047
75,4.914513525289889
76,4.927500538276902
77,4.940321051097415
78,4.9529792789455165
79,4.965479278945517
80,4.977824957957862
81,4.9900200799090815
82,5.002068272680166
83,5.013973034584928
84,5.025737740467281
85,5.037365647444025
86,5.048859900317588
87,5.0602235366812245
88,5.0714594917374045
89,5.082570602848516
90,5.0935596138375265
91,5.104429179054918
92,5.115181867226961
93,5.125820165099301
94,5.136346480888775
95,5.146763147555442
96,5.157072425905957
97,5.1672765075386105
98,5.177377517639621
99,5.187377517639621
100,5.1972785077386305
101,5.207082429307258
102,5.216791167171336
103,5.226406551786721
104,5.235930361310531
105,5.245364323574681
106,5.254710117967204
107,5.263969377226464
108,5.273143689153069
109,5.282234598243978
110,5.291243607252987
111,5.300172178681558
112,5.3090217362036825
113,5.317793666028244
114,5.3264893182021575
115,5.33511000785733
116,5.343657016404339
117,5.3521315926755255
118,5.360534954020063
119,5.368868287353397
120,5.377132750163314
121,5.3853294714747895
122,5.393459552775602
123,5.401524068904634
124,5.409524068904634
125,5.417460576841142
126,5.425334592589174
127,5.433147092589174
128,5.44089903057367
129,5.448591338265977
130,5.456224926052237
131,5.463800683627995
132,5.471319480620476
133,5.47878216718764
134,5.4861895745950475
135,5.4935425157715185
136,5.5008417858445116
137,5.508088162656105
138,5.515282407260422
139,5.522425264403279
140,5.529517462984839
141,5.536559716505966
142,5.543552723498973
143,5.550497167943417
144,5.557393719667555
145,5.564243034736048
146,5.571045755824484
147,5.577802512581241
148,5.584513921977214
149,5.591180588643881
150,5.597803105200172
151,5.604382052568593
152,5.6109180002810115
153,5.617411506774518
154,5.623863119677744
155,5.630273376088001
156,5.636642802839593
157,5.642971916763644
158,5.649261224939744
159,5.655511224939744
160,5.661722405063967
161,5.66789524457014
162,5.674030213895294
163,5.680127774870903
164,5.686188380931509
165,5.692212477317051
166,5.698200501269147
167,5.704152882221528
168,5.710070041984842
169,5.715952394926019
170,5.721800348142393
171,5.727614301630765
172,5.733394648451574
173,5.739141774888355
174,5.744856060602641
175,5.750537878784459
176,5.756187596298584
177,5.761805573826673
178,5.767392166005444
179,5.772947721561
180,5.778472583439453
181,5.7839670889339585
182,5.789431569808276
183,5.794866352416971
184,5.800271757822377
185,5.805648101908399
186,5.810995695491286
187,5.816314844427456
188,5.821605849718462
189,5.826869007613198
190,5.832104609707439
191,5.837312943040772
192,5.8424942901910315
193,5.847648929366289
194,5.852777134494494
195,5.857879175310821
196,5.8629553174428
197,5.868005822493306
198,5.873030948121446
199,5.878030948121446
200,5.883006072499556
