row_type,candidate,train_target,test_target,parameter,value,lambda_mag,lambda_phase,lambda_operator,lambda_total,admissible,note
parameter,tau_rewrite_term_normalizer,rho_1,,theta_0,-2.138390200581894,,,,,,magnitude term-normalization coefficient
parameter,tau_rewrite_term_normalizer,rho_1,,theta_1,0.007890972091891491,,,,,,magnitude term-normalization coefficient
parameter,tau_rewrite_term_normalizer,rho_1,,theta_2,0.09397295889405942,,,,,,magnitude term-normalization coefficient
parameter,tau_rewrite_term_normalizer,rho_1,,theta_3,0.7167072645461751,,,,,,magnitude term-normalization coefficient
parameter,tau_rewrite_term_normalizer,rho_1,,theta_4,-0.4080491054271886,,,,,,magnitude term-normalization coefficient
parameter,tau_rewrite_term_normalizer,rho_1,,theta_5,-0.008985588509678389,,,,,,magnitude term-normalization coefficient
parameter,tau_rewrite_term_normalizer,rho_1,,eta_0,1.360627594326938,,,,,,phase term-normalization coefficient
parameter,tau_rewrite_term_normalizer,rho_1,,eta_1,-1.607262557091094,,,,,,phase term-normalization coefficient
parameter,tau_rewrite_term_normalizer,rho_1,,eta_2,-3.552239328969031,,,,,,phase term-normalization coefficient
parameter,tau_rewrite_term_normalizer,rho_1,,eta_3,1.338805210136893,,,,,,phase term-normalization coefficient
parameter,tau_rewrite_term_normalizer,rho_1,,eta_4,-6.234660721338734,,,,,,phase term-normalization coefficient
parameter,tau_rewrite_term_normalizer,rho_1,,eta_5,0.03789439354171699,,,,,,phase term-normalization coefficient
parameter,tau_rewrite_term_normalizer,rho_1,,eta_6,-0.04294089601565789,,,,,,phase term-normalization coefficient
summary,tau_rewrite_term_normalizer,rho_1,rho_1,ALL,,0.0172907489563065,1.503785969630305,0.3,1.727684439025268,no,mean=1.55455;median=1.51313;max=3.10029
summary,tau_rewrite_term_normalizer,rho_1,rho_2,ALL,,0.5609232501222745,1.822105793550481,0.3,2.212545328283977,no,mean=2.0357;median=2.09495;max=3.36601
summary,tau_rewrite_term_normalizer,rho_1,rho_3,ALL,,1.489775914110513,1.384683107905335,0.3,2.374234560617829,no,mean=2.22899;median=2.3013;max=3.94512
cell,tau_rewrite_term_normalizer,rho_1,rho_1,,,0.003268249919586408,1.885461571881345,0.3,1.909182029168201,no,"term=Tau_R[H(chi_3,1)]; target=Z(rho_1,1)"
cell,tau_rewrite_term_normalizer,rho_1,rho_1,,,0.00259165746343637,2.558983195803369,0.3,2.576509598874499,no,"term=Tau_R[H(chi_3,2)]; target=Z(rho_1,2)"
cell,tau_rewrite_term_normalizer,rho_1,rho_1,,,0.03781347086753496,2.152428082150049,0.3,2.173563090275318,no,"term=Tau_R[H(chi_3,3)]; target=Z(rho_1,3)"
cell,tau_rewrite_term_normalizer,rho_1,rho_1,,,0.0265357713749963,1.725188552178976,0.3,1.751279443073508,no,"term=Tau_R[H(chi_3,4)]; target=Z(rho_1,4)"
cell,tau_rewrite_term_normalizer,rho_1,rho_1,,,0.003665183230091351,1.385317255321613,0.3,1.417433360500562,no,"term=Tau_R[H(chi_3,5)]; target=Z(rho_1,5)"
cell,tau_rewrite_term_normalizer,rho_1,rho_1,,,0.01503905473914458,1.412115250962713,0.3,1.443708992549722,no,"term=Tau_R[H(chi_3,6)]; target=Z(rho_1,6)"
cell,tau_rewrite_term_normalizer,rho_1,rho_1,,,0.02289133010380384,1.298867256165768,0.3,1.33325922540724,no,"term=Tau_R[H(chi_3,7)]; target=Z(rho_1,7)"
cell,tau_rewrite_term_normalizer,rho_1,rho_1,,,0.01730699216584242,1.473973363770874,0.3,1.504292860145209,no,"term=Tau_R[H(chi_3,8)]; target=Z(rho_1,8)"
cell,tau_rewrite_term_normalizer,rho_1,rho_1,,,0.002352321682964842,1.469104474959757,0.3,1.49942438681118,no,"term=Tau_R[H(chi_3,9)]; target=Z(rho_1,9)"
cell,tau_rewrite_term_normalizer,rho_1,rho_1,,,0.03581962723329735,1.728804373360413,0.3,1.755006440741806,no,"term=Tau_R[H(chi_3,10)]; target=Z(rho_1,10)"
cell,tau_rewrite_term_normalizer,rho_1,rho_1,,,0.00376293844739517,0.135287853575026,0.3,0.3291154250877594,no,"term=Tau_R[H(chi_4,1)]; target=Z(rho_1,1)"
cell,tau_rewrite_term_normalizer,rho_1,rho_1,,,4.163513298116595e-05,1.198747883183911,0.3,1.235716993963986,no,"term=Tau_R[H(chi_4,2)]; target=Z(rho_1,2)"
cell,tau_rewrite_term_normalizer,rho_1,rho_1,,,0.03902676097494631,0.3463296020722153,0.3,0.4598557179634657,no,"term=Tau_R[H(chi_4,3)]; target=Z(rho_1,3)"
cell,tau_rewrite_term_normalizer,rho_1,rho_1,,,0.02700227409612843,1.079320332709132,0.3,1.120563029644346,no,"term=Tau_R[H(chi_4,4)]; target=Z(rho_1,4)"
cell,tau_rewrite_term_normalizer,rho_1,rho_1,,,0.003637160824572216,1.308411765476429,0.3,1.342369016692507,no,"term=Tau_R[H(chi_4,5)]; target=Z(rho_1,5)"
cell,tau_rewrite_term_normalizer,rho_1,rho_1,,,0.0154179052454948,1.559640321799641,0.3,1.588305904158719,no,"term=Tau_R[H(chi_4,6)]; target=Z(rho_1,6)"
cell,tau_rewrite_term_normalizer,rho_1,rho_1,,,0.02349374405802074,1.491913027298413,0.3,1.521958093060574,no,"term=Tau_R[H(chi_4,7)]; target=Z(rho_1,7)"
cell,tau_rewrite_term_normalizer,rho_1,rho_1,,,0.01800402596755957,1.568091216682586,0.3,1.596632145733047,no,"term=Tau_R[H(chi_4,8)]; target=Z(rho_1,8)"
cell,tau_rewrite_term_normalizer,rho_1,rho_1,,,0.001686321044798156,1.35483185933851,0.3,1.387649887672431,no,"term=Tau_R[H(chi_4,9)]; target=Z(rho_1,9)"
cell,tau_rewrite_term_normalizer,rho_1,rho_1,,,0.03529991123405463,1.312045425044431,0.3,1.346368924594278,no,"term=Tau_R[H(chi_4,10)]; target=Z(rho_1,10)"
cell,tau_rewrite_term_normalizer,rho_1,rho_1,,,0.005943473446966552,1.212247251439521,0.3,1.248830942721747,no,"term=Tau_R[H(chi_5a,1)]; target=Z(rho_1,1)"
cell,tau_rewrite_term_normalizer,rho_1,rho_1,,,0.007454845212990113,3.002259674280935,0.3,3.017220364264204,no,"term=Tau_R[H(chi_5a,2)]; target=Z(rho_1,2)"
cell,tau_rewrite_term_normalizer,rho_1,rho_1,,,0.03193032773684183,1.883298357790627,0.3,1.907310213438353,no,"term=Tau_R[H(chi_5a,3)]; target=Z(rho_1,3)"
cell,tau_rewrite_term_normalizer,rho_1,rho_1,,,0.02068835631951738,1.535730914591366,0.3,1.56489534797661,no,"term=Tau_R[H(chi_5a,4)]; target=Z(rho_1,4)"
cell,tau_rewrite_term_normalizer,rho_1,rho_1,,,0.001683160175953491,1.401004269621115,0.3,1.432765087697481,no,"term=Tau_R[H(chi_5a,5)]; target=Z(rho_1,5)"
cell,tau_rewrite_term_normalizer,rho_1,rho_1,,,0.0196434764770701,1.506050503487587,0.3,1.535764951163856,no,"term=Tau_R[H(chi_5a,6)]; target=Z(rho_1,6)"
cell,tau_rewrite_term_normalizer,rho_1,rho_1,,,0.02658893868125034,1.641771915455708,0.3,1.669168054462851,no,"term=Tau_R[H(chi_5a,7)]; target=Z(rho_1,7)"
cell,tau_rewrite_term_normalizer,rho_1,rho_1,,,0.01996844005466203,1.883768351203458,0.3,1.907611579854245,no,"term=Tau_R[H(chi_5a,8)]; target=Z(rho_1,8)"
cell,tau_rewrite_term_normalizer,rho_1,rho_1,,,0.0008363849929189371,2.169353952762753,0.3,2.189999377147682,no,"term=Tau_R[H(chi_5a,9)]; target=Z(rho_1,9)"
cell,tau_rewrite_term_normalizer,rho_1,rho_1,,,0.03554122161295137,2.477614490495066,0.3,2.495964090676159,no,"term=Tau_R[H(chi_5a,10)]; target=Z(rho_1,10)"
cell,tau_rewrite_term_normalizer,rho_1,rho_1,,,0.003214509602629034,0.3838491013903853,0.3,0.4871862741397706,no,"term=Tau_R[H(chi_5b,1)]; target=Z(rho_1,1)"
cell,tau_rewrite_term_normalizer,rho_1,rho_1,,,0.00625097382830353,2.326883146863989,0.3,2.346150944383899,no,"term=Tau_R[H(chi_5b,2)]; target=Z(rho_1,2)"
cell,tau_rewrite_term_normalizer,rho_1,rho_1,,,0.03111366606971017,1.088910036803536,0.3,1.129908460216037,no,"term=Tau_R[H(chi_5b,3)]; target=Z(rho_1,3)"
cell,tau_rewrite_term_normalizer,rho_1,rho_1,,,0.01903441291587804,0.8066347196651343,0.3,0.8608262773895219,no,"term=Tau_R[H(chi_5b,4)]; target=Z(rho_1,4)"
cell,tau_rewrite_term_normalizer,rho_1,rho_1,,,0.003364222142983486,0.7362252653867417,0.3,0.7950087794385705,no,"term=Tau_R[H(chi_5b,5)]; target=Z(rho_1,5)"
cell,tau_rewrite_term_normalizer,rho_1,rho_1,,,0.02103870690402854,0.8272982495296202,0.3,0.8802641767463716,no,"term=Tau_R[H(chi_5b,6)]; target=Z(rho_1,6)"
cell,tau_rewrite_term_normalizer,rho_1,rho_1,,,0.02766063638019656,0.9799151014581573,0.3,1.0251822847039,no,"term=Tau_R[H(chi_5b,7)]; target=Z(rho_1,7)"
cell,tau_rewrite_term_normalizer,rho_1,rho_1,,,0.02078629104515262,1.173500592665031,0.3,1.211418883326735,no,"term=Tau_R[H(chi_5b,8)]; target=Z(rho_1,8)"
cell,tau_rewrite_term_normalizer,rho_1,rho_1,,,0.0001786551982041473,1.463714732795399,0.3,1.494142178950847,no,"term=Tau_R[H(chi_5b,9)]; target=Z(rho_1,9)"
cell,tau_rewrite_term_normalizer,rho_1,rho_1,,,0.03495884108002745,1.71159679565426,0.3,1.73804076806719,no,"term=Tau_R[H(chi_5b,10)]; target=Z(rho_1,10)"
cell,tau_rewrite_term_normalizer,rho_1,rho_1,,,0.004984180306832675,0.2507024974441665,0.3,0.3909943532559944,no,"term=Tau_R[H(chi_7b,1)]; target=Z(rho_1,1)"
cell,tau_rewrite_term_normalizer,rho_1,rho_1,,,0.009438531389263094,1.665241843484187,0.3,1.692075495705023,no,"term=Tau_R[H(chi_7b,2)]; target=Z(rho_1,2)"
cell,tau_rewrite_term_normalizer,rho_1,rho_1,,,0.02933499920234228,0.4338886178977909,0.3,0.5283179676288292,no,"term=Tau_R[H(chi_7b,3)]; target=Z(rho_1,3)"
cell,tau_rewrite_term_normalizer,rho_1,rho_1,,,0.01791282941042627,0.04393773867661566,0.3,0.3037291463417721,no,"term=Tau_R[H(chi_7b,4)]; target=Z(rho_1,4)"
cell,tau_rewrite_term_normalizer,rho_1,rho_1,,,0.004347669923957298,0.008356508673389417,0.3,0.3001478526842664,no,"term=Tau_R[H(chi_7b,5)]; target=Z(rho_1,5)"
cell,tau_rewrite_term_normalizer,rho_1,rho_1,,,0.02200437033031921,0.006371835039559626,0.3,0.3008733829959127,no,"term=Tau_R[H(chi_7b,6)]; target=Z(rho_1,6)"
cell,tau_rewrite_term_normalizer,rho_1,rho_1,,,0.02850835399585483,0.3312557912080007,0.3,0.4478204165247399,no,"term=Tau_R[H(chi_7b,7)]; target=Z(rho_1,7)"
cell,tau_rewrite_term_normalizer,rho_1,rho_1,,,0.02134134210638683,0.5024315249861164,0.3,0.5855705680639836,no,"term=Tau_R[H(chi_7b,8)]; target=Z(rho_1,8)"
cell,tau_rewrite_term_normalizer,rho_1,rho_1,,,9.268573512954958e-05,0.9562751848981309,0.3,1.002228635513175,no,"term=Tau_R[H(chi_7b,9)]; target=Z(rho_1,9)"
cell,tau_rewrite_term_normalizer,rho_1,rho_1,,,0.03549264865240698,1.244496572156203,0.3,1.280637125112693,no,"term=Tau_R[H(chi_7b,10)]; target=Z(rho_1,10)"
cell,tau_rewrite_term_normalizer,rho_1,rho_1,,,0.0008435035844056582,2.58339167486594,0.3,2.600752440595787,no,"term=Tau_R[H(chi_11c,1)]; target=Z(rho_1,1)"
cell,tau_rewrite_term_normalizer,rho_1,rho_1,,,0.01499805762801154,0.6034436789019841,0.3,0.6740691472982383,no,"term=Tau_R[H(chi_11c,2)]; target=Z(rho_1,2)"
cell,tau_rewrite_term_normalizer,rho_1,rho_1,,,0.02345808362312788,1.822041140434801,0.3,1.846722556077177,no,"term=Tau_R[H(chi_11c,3)]; target=Z(rho_1,3)"
cell,tau_rewrite_term_normalizer,rho_1,rho_1,,,0.01213153386653221,2.174484890856659,0.3,2.195115421721111,no,"term=Tau_R[H(chi_11c,4)]; target=Z(rho_1,4)"
cell,tau_rewrite_term_normalizer,rho_1,rho_1,,,0.009676968847878831,2.154547039431059,0.3,2.175354359373944,no,"term=Tau_R[H(chi_11c,5)]; target=Z(rho_1,5)"
cell,tau_rewrite_term_normalizer,rho_1,rho_1,,,0.02661452318492064,1.950325750216831,0.3,1.973443402989609,no,"term=Tau_R[H(chi_11c,6)]; target=Z(rho_1,6)"
cell,tau_rewrite_term_normalizer,rho_1,rho_1,,,0.03221535674025144,1.699318991675459,0.3,1.725897698207747,no,"term=Tau_R[H(chi_11c,7)]; target=Z(rho_1,7)"
cell,tau_rewrite_term_normalizer,rho_1,rho_1,,,0.02402071928607308,1.260906168862546,0.3,1.296326101577317,no,"term=Tau_R[H(chi_11c,8)]; target=Z(rho_1,8)"
cell,tau_rewrite_term_normalizer,rho_1,rho_1,,,0.001473482795099734,0.908806786278808,0.3,0.9570433354545458,no,"term=Tau_R[H(chi_11c,9)]; target=Z(rho_1,9)"
cell,tau_rewrite_term_normalizer,rho_1,rho_1,,,0.03509948153131415,0.3212959205359963,0.3,0.440979639163579,no,"term=Tau_R[H(chi_11c,10)]; target=Z(rho_1,10)"
cell,tau_rewrite_term_normalizer,rho_1,rho_1,,,0.0002189258664724303,2.390896817876142,0.3,2.409644712744764,no,"term=Tau_R[H(chi_13a,1)]; target=Z(rho_1,1)"
cell,tau_rewrite_term_normalizer,rho_1,rho_1,,,0.02256907230861149,1.554236937632174,0.3,1.583086169898881,no,"term=Tau_R[H(chi_13a,2)]; target=Z(rho_1,2)"
cell,tau_rewrite_term_normalizer,rho_1,rho_1,,,0.01920198820049585,3.077215674311649,0.3,3.091864327971095,no,"term=Tau_R[H(chi_13a,3)]; target=Z(rho_1,3)"
cell,tau_rewrite_term_normalizer,rho_1,rho_1,,,0.009641572211018912,2.874930734318283,0.3,2.890556985607196,no,"term=Tau_R[H(chi_13a,4)]; target=Z(rho_1,4)"
cell,tau_rewrite_term_normalizer,rho_1,rho_1,,,0.011156814502705,2.692524432275814,0.3,2.709208794632123,no,"term=Tau_R[H(chi_13a,5)]; target=Z(rho_1,5)"
cell,tau_rewrite_term_normalizer,rho_1,rho_1,,,0.027459750271706,2.925675861185917,0.3,2.941144893168465,no,"term=Tau_R[H(chi_13a,6)]; target=Z(rho_1,6)"
cell,tau_rewrite_term_normalizer,rho_1,rho_1,,,0.03261746284678635,3.085565360835469,0.3,3.100286679465349,no,"term=Tau_R[H(chi_13a,7)]; target=Z(rho_1,7)"
cell,tau_rewrite_term_normalizer,rho_1,rho_1,,,0.02406963313889543,2.779775701858356,0.3,2.796020797469425,no,"term=Tau_R[H(chi_13a,8)]; target=Z(rho_1,8)"
cell,tau_rewrite_term_normalizer,rho_1,rho_1,,,0.001202287220823273,2.402802215789095,0.3,2.421458224643891,no,"term=Tau_R[H(chi_13a,9)]; target=Z(rho_1,9)"
cell,tau_rewrite_term_normalizer,rho_1,rho_1,,,0.0356897225485211,1.903383894438617,0.3,1.927211458533781,no,"term=Tau_R[H(chi_13a,10)]; target=Z(rho_1,10)"
cell,tau_rewrite_term_normalizer,rho_1,rho_2,,,0.01475836782116602,3.078272435108764,0.3,3.092891688076255,no,"term=Tau_R[H(chi_3,1)]; target=Z(rho_2,1)"
cell,tau_rewrite_term_normalizer,rho_1,rho_2,,,0.005157677904050417,1.228765261113681,0.3,1.264867846283213,no,"term=Tau_R[H(chi_3,2)]; target=Z(rho_2,2)"
cell,tau_rewrite_term_normalizer,rho_1,rho_2,,,0.1008290285642441,2.682444306216352,0.3,2.701050526916098,no,"term=Tau_R[H(chi_3,3)]; target=Z(rho_2,3)"
cell,tau_rewrite_term_normalizer,rho_1,rho_2,,,0.2162277626610936,2.947116817822864,0.3,2.970227597885352,no,"term=Tau_R[H(chi_3,4)]; target=Z(rho_2,4)"
cell,tau_rewrite_term_normalizer,rho_1,rho_2,,,0.3691259856223059,3.122249939370295,0.3,3.158274636120085,no,"term=Tau_R[H(chi_3,5)]; target=Z(rho_2,5)"
cell,tau_rewrite_term_normalizer,rho_1,rho_2,,,0.5552113963868535,2.952146436978074,0.3,3.018845521062675,no,"term=Tau_R[H(chi_3,6)]; target=Z(rho_2,6)"
cell,tau_rewrite_term_normalizer,rho_1,rho_2,,,0.7625803007806469,2.951983357162669,0.3,3.063614606327644,no,"term=Tau_R[H(chi_3,7)]; target=Z(rho_2,7)"
cell,tau_rewrite_term_normalizer,rho_1,rho_2,,,0.9812925991400592,2.693280581638116,0.3,2.882133837377439,no,"term=Tau_R[H(chi_3,8)]; target=Z(rho_2,8)"
cell,tau_rewrite_term_normalizer,rho_1,rho_2,,,1.205221471523402,2.640996117978992,0.3,2.918461802148717,no,"term=Tau_R[H(chi_3,9)]; target=Z(rho_2,9)"
cell,tau_rewrite_term_normalizer,rho_1,rho_2,,,1.431185228685496,2.346558045953102,0.3,2.764891647395029,no,"term=Tau_R[H(chi_3,10)]; target=Z(rho_2,10)"
cell,tau_rewrite_term_normalizer,rho_1,rho_2,,,0.01525305634897478,1.184163446614451,0.3,1.221669236751831,no,"term=Tau_R[H(chi_4,1)]; target=Z(rho_2,1)"
cell,tau_rewrite_term_normalizer,rho_1,rho_2,,,0.002607655573595213,2.528965817873598,0.3,2.54669882550738,no,"term=Tau_R[H(chi_4,2)]; target=Z(rho_2,2)"
cell,tau_rewrite_term_normalizer,rho_1,rho_2,,,0.1020423186716555,1.10198331674097,0.3,1.146638506755864,no,"term=Tau_R[H(chi_4,3)]; target=Z(rho_2,3)"
cell,tau_rewrite_term_normalizer,rho_1,rho_2,,,0.2166942653822257,0.5315596044686149,0.3,0.6476974739431772,no,"term=Tau_R[H(chi_4,4)]; target=Z(rho_2,4)"
cell,tau_rewrite_term_normalizer,rho_1,rho_2,,,0.3690979632167868,0.46720634701125,0.3,0.6667196390825585,no,"term=Tau_R[H(chi_4,5)]; target=Z(rho_2,5)"
cell,tau_rewrite_term_normalizer,rho_1,rho_2,,,0.5548325458805032,0.3592832974391593,0.3,0.7258950625173008,no,"term=Tau_R[H(chi_4,6)]; target=Z(rho_2,6)"
cell,tau_rewrite_term_normalizer,rho_1,rho_2,,,0.76197788682643,0.5404216665527359,0.3,0.9811553789752713,no,"term=Tau_R[H(chi_4,7)]; target=Z(rho_2,7)"
cell,tau_rewrite_term_normalizer,rho_1,rho_2,,,0.980595565338342,0.5478401450880106,0.3,1.16262482655897,no,"term=Tau_R[H(chi_4,8)]; target=Z(rho_2,8)"
cell,tau_rewrite_term_normalizer,rho_1,rho_2,,,1.204555470885235,0.8182528549023282,0.3,1.486772214226295,no,"term=Tau_R[H(chi_4,9)]; target=Z(rho_2,9)"
cell,tau_rewrite_term_normalizer,rho_1,rho_2,,,1.430665512686254,0.8957774628216404,0.3,1.714415664910058,no,"term=Tau_R[H(chi_4,10)]; target=Z(rho_2,10)"
cell,tau_rewrite_term_normalizer,rho_1,rho_2,,,0.01743359134854616,2.531698551628998,0.3,2.549470824784562,no,"term=Tau_R[H(chi_5a,1)]; target=Z(rho_2,1)"
cell,tau_rewrite_term_normalizer,rho_1,rho_2,,,0.01002086565360416,1.672041739591247,0.3,1.698771319714273,no,"term=Tau_R[H(chi_5a,2)]; target=Z(rho_2,2)"
cell,tau_rewrite_term_normalizer,rho_1,rho_2,,,0.09494588543355099,2.951574030575774,0.3,2.968299846567068,no,"term=Tau_R[H(chi_5a,3)]; target=Z(rho_2,3)"
cell,tau_rewrite_term_normalizer,rho_1,rho_2,,,0.2103803476056146,3.136574455410474,0.3,3.157904242530506,no,"term=Tau_R[H(chi_5a,4)]; target=Z(rho_2,4)"
cell,tau_rewrite_term_normalizer,rho_1,rho_2,,,0.3637776422162611,3.106562925070793,0.3,3.142143755527558,no,"term=Tau_R[H(chi_5a,5)]; target=Z(rho_2,5)"
cell,tau_rewrite_term_normalizer,rho_1,rho_2,,,0.5506069746489279,2.8582111844532,0.3,2.926181678478868,no,"term=Tau_R[H(chi_5a,6)]; target=Z(rho_2,6)"
cell,tau_rewrite_term_normalizer,rho_1,rho_2,,,0.7588826922032004,2.60907869787273,0.3,2.733714431358703,no,"term=Tau_R[H(chi_5a,7)]; target=Z(rho_2,7)"
cell,tau_rewrite_term_normalizer,rho_1,rho_2,,,0.9786311512512396,2.283485594205533,0.3,2.502403922060449,no,"term=Tau_R[H(chi_5a,8)]; target=Z(rho_2,8)"
cell,tau_rewrite_term_normalizer,rho_1,rho_2,,,1.203705534833356,1.940746640175995,0.3,2.303346377760598,no,"term=Tau_R[H(chi_5a,9)]; target=Z(rho_2,9)"
cell,tau_rewrite_term_normalizer,rho_1,rho_2,,,1.43090682306515,1.597747928818449,0.3,2.165708378415258,no,"term=Tau_R[H(chi_5a,10)]; target=Z(rho_2,10)"
cell,tau_rewrite_term_normalizer,rho_1,rho_2,,,0.01470462750420864,1.703300401579863,0.3,1.729580435854939,no,"term=Tau_R[H(chi_5b,1)]; target=Z(rho_2,1)"
cell,tau_rewrite_term_normalizer,rho_1,rho_2,,,0.008816994268917577,2.62608422562591,0.3,2.643179165223041,no,"term=Tau_R[H(chi_5b,2)]; target=Z(rho_2,2)"
cell,tau_rewrite_term_normalizer,rho_1,rho_2,,,0.09412922376641933,2.537222955616721,0.3,2.556630719770714,no,"term=Tau_R[H(chi_5b,3)]; target=Z(rho_2,3)"
cell,tau_rewrite_term_normalizer,rho_1,rho_2,,,0.2087264042019753,2.417514656842882,0.3,2.444983400324273,no,"term=Tau_R[H(chi_5b,4)]; target=Z(rho_2,4)"
cell,tau_rewrite_term_normalizer,rho_1,rho_2,,,0.3620965802492311,2.51184337787442,0.3,2.555478641742045,no,"term=Tau_R[H(chi_5b,5)]; target=Z(rho_2,5)"
cell,tau_rewrite_term_normalizer,rho_1,rho_2,,,0.5492117442219695,2.74622186876842,0.3,2.816623526936685,no,"term=Tau_R[H(chi_5b,6)]; target=Z(rho_2,6)"
cell,tau_rewrite_term_normalizer,rho_1,rho_2,,,0.7578109945042542,3.012249795309306,0.3,3.120565066255226,no,"term=Tau_R[H(chi_5b,7)]; target=Z(rho_2,7)"
cell,tau_rewrite_term_normalizer,rho_1,rho_2,,,0.977813300260749,2.993753352743959,0.3,3.16364947287662,no,"term=Tau_R[H(chi_5b,8)]; target=Z(rho_2,8)"
cell,tau_rewrite_term_normalizer,rho_1,rho_2,,,1.203047805038641,2.64638586014335,0.3,2.922444548999168,no,"term=Tau_R[H(chi_5b,9)]; target=Z(rho_2,9)"
cell,tau_rewrite_term_normalizer,rho_1,rho_2,,,1.430324442532227,2.363765623659255,0.3,2.779067457709214,no,"term=Tau_R[H(chi_5b,10)]; target=Z(rho_2,10)"
cell,tau_rewrite_term_normalizer,rho_1,rho_2,,,0.01647429820841229,1.06874880274531,0.3,1.110178096465155,no,"term=Tau_R[H(chi_7b,1)]; target=Z(rho_2,1)"
cell,tau_rewrite_term_normalizer,rho_1,rho_2,,,0.01200455182987714,2.995459778173874,0.3,3.010468965447429,no,"term=Tau_R[H(chi_7b,2)]; target=Z(rho_2,2)"
cell,tau_rewrite_term_normalizer,rho_1,rho_2,,,0.09235055689905144,1.882201536710977,0.3,1.908195810224079,no,"term=Tau_R[H(chi_7b,3)]; target=Z(rho_2,3)"
cell,tau_rewrite_term_normalizer,rho_1,rho_2,,,0.2076048206965235,1.566942198501132,0.3,1.608852887935996,no,"term=Tau_R[H(chi_7b,4)]; target=Z(rho_2,4)"
cell,tau_rewrite_term_normalizer,rho_1,rho_2,,,0.3611131324682573,1.783974621161068,0.3,1.844713566759841,no,"term=Tau_R[H(chi_7b,5)]; target=Z(rho_2,5)"
cell,tau_rewrite_term_normalizer,rho_1,rho_2,,,0.5482460807956788,1.92529545427836,0.3,2.024187825122149,no,"term=Tau_R[H(chi_7b,6)]; target=Z(rho_2,6)"
cell,tau_rewrite_term_normalizer,rho_1,rho_2,,,0.7569632768885959,2.36359048505915,0.3,2.499910675128227,no,"term=Tau_R[H(chi_7b,7)]; target=Z(rho_2,7)"
cell,tau_rewrite_term_normalizer,rho_1,rho_2,,,0.9772582491995148,2.618362886756713,0.3,2.810846472572532,no,"term=Tau_R[H(chi_7b,8)]; target=Z(rho_2,8)"
cell,tau_rewrite_term_normalizer,rho_1,rho_2,,,1.202961835575566,3.129359899138969,0.3,3.366008103999513,no,"term=Tau_R[H(chi_7b,9)]; target=Z(rho_2,9)"
cell,tau_rewrite_term_normalizer,rho_1,rho_2,,,1.430858250104606,2.830865847157312,0.3,3.186088005139548,no,"term=Tau_R[H(chi_7b,10)]; target=Z(rho_2,10)"
cell,tau_rewrite_term_normalizer,rho_1,rho_2,,,0.01233362148598527,1.263940374676462,0.3,1.299114078499743,no,"term=Tau_R[H(chi_11c,1)]; target=Z(rho_2,1)"
cell,tau_rewrite_term_normalizer,rho_1,rho_2,,,0.01756407806862559,0.7267742557877026,0.3,0.7864536322722209,no,"term=Tau_R[H(chi_11c,2)]; target=Z(rho_2,2)"
cell,tau_rewrite_term_normalizer,rho_1,rho_2,,,0.08647364131983704,0.373728221621616,0.3,0.486980979381708,no,"term=Tau_R[H(chi_11c,3)]; target=Z(rho_2,3)"
cell,tau_rewrite_term_normalizer,rho_1,rho_2,,,0.2018235251526295,0.5636049536789118,0.3,0.6696142763684496,no,"term=Tau_R[H(chi_11c,4)]; target=Z(rho_2,4)"
cell,tau_rewrite_term_normalizer,rho_1,rho_2,,,0.3557838335443357,0.37892892694338,0.3,0.6001410399947374,no,"term=Tau_R[H(chi_11c,5)]; target=Z(rho_2,5)"
cell,tau_rewrite_term_normalizer,rho_1,rho_2,,,0.5436359279410774,0.03140213097803126,0.3,0.6217122453179749,no,"term=Tau_R[H(chi_11c,6)]; target=Z(rho_2,6)"
cell,tau_rewrite_term_normalizer,rho_1,rho_2,,,0.7532562741441993,0.3330157021756892,0.3,0.8765240854837751,no,"term=Tau_R[H(chi_11c,7)]; target=Z(rho_2,7)"
cell,tau_rewrite_term_normalizer,rho_1,rho_2,,,0.9745788720198285,0.8550251929080497,0.3,1.330741168783355,no,"term=Tau_R[H(chi_11c,8)]; target=Z(rho_2,8)"
cell,tau_rewrite_term_normalizer,rho_1,rho_2,,,1.201395667045337,1.264277927962031,0.3,1.769675175823879,no,"term=Tau_R[H(chi_11c,9)]; target=Z(rho_2,9)"
cell,tau_rewrite_term_normalizer,rho_1,rho_2,,,1.430465082983513,1.886526967330075,0.3,2.386464823142935,no,"term=Tau_R[H(chi_11c,10)]; target=Z(rho_2,10)"
cell,tau_rewrite_term_normalizer,rho_1,rho_2,,,0.01170904376805204,2.572837189113967,0.3,2.590295022462465,no,"term=Tau_R[H(chi_13a,1)]; target=Z(rho_2,1)"
cell,tau_rewrite_term_normalizer,rho_1,rho_2,,,0.02513509274922554,0.2240190029424876,0.3,0.3752549620815939,no,"term=Tau_R[H(chi_13a,2)]; target=Z(rho_2,2)"
cell,tau_rewrite_term_normalizer,rho_1,rho_2,,,0.08221754589720501,1.628902755498464,0.3,1.658337695321386,no,"term=Tau_R[H(chi_13a,3)]; target=Z(rho_2,3)"
cell,tau_rewrite_term_normalizer,rho_1,rho_2,,,0.1993335634971162,1.797374635683556,0.3,1.833109230388374,no,"term=Tau_R[H(chi_13a,4)]; target=Z(rho_2,4)"
cell,tau_rewrite_term_normalizer,rho_1,rho_2,,,0.3543039878895096,1.815042762416094,0.3,1.87347579254002,no,"term=Tau_R[H(chi_13a,5)]; target=Z(rho_2,5)"
cell,tau_rewrite_term_normalizer,rho_1,rho_2,,,0.542790700854292,1.438585826754869,0.3,1.566572987726357,no,"term=Tau_R[H(chi_13a,6)]; target=Z(rho_2,6)"
cell,tau_rewrite_term_normalizer,rho_1,rho_2,,,0.7528541680376644,1.165285252492969,0.3,1.419393926297166,no,"term=Tau_R[H(chi_13a,7)]; target=Z(rho_2,7)"
cell,tau_rewrite_term_normalizer,rho_1,rho_2,,,0.9745299581670062,0.6638443400877601,0.3,1.216716050371466,no,"term=Tau_R[H(chi_13a,8)]; target=Z(rho_2,8)"
cell,tau_rewrite_term_normalizer,rho_1,rho_2,,,1.201666862619613,0.2297175015482582,0.3,1.259671933177698,no,"term=Tau_R[H(chi_13a,9)]; target=Z(rho_2,9)"
cell,tau_rewrite_term_normalizer,rho_1,rho_2,,,1.43105532400072,0.3044389934274549,0.3,1.493520150875082,no,"term=Tau_R[H(chi_13a,10)]; target=Z(rho_2,10)"
cell,tau_rewrite_term_normalizer,rho_1,rho_3,,,0.4191788372206964,0.3378851972889919,0.3,0.616341872762768,no,"term=Tau_R[H(chi_3,1)]; target=Z(rho_3,1)"
cell,tau_rewrite_term_normalizer,rho_1,rho_3,,,0.6828799885086528,1.554204160296381,0.3,1.723912889501136,no,"term=Tau_R[H(chi_3,2)]; target=Z(rho_3,2)"
cell,tau_rewrite_term_normalizer,rho_1,rho_3,,,0.9696088263407131,0.07160739769903207,0.3,1.01748164382609,no,"term=Tau_R[H(chi_3,3)]; target=Z(rho_3,3)"
cell,tau_rewrite_term_normalizer,rho_1,rho_3,,,1.199438114741636,0.2612636532570391,0.3,1.263689236959856,no,"term=Tau_R[H(chi_3,4)]; target=Z(rho_3,4)"
cell,tau_rewrite_term_normalizer,rho_1,rho_3,,,1.411826881315407,0.5161929602855235,0.3,1.532876483952024,no,"term=Tau_R[H(chi_3,5)]; target=Z(rho_3,5)"
cell,tau_rewrite_term_normalizer,rho_1,rho_3,,,1.620606651726633,0.4200710275120865,0.3,1.700830852194206,no,"term=Tau_R[H(chi_3,6)]; target=Z(rho_3,6)"
cell,tau_rewrite_term_normalizer,rho_1,rho_3,,,1.831414201106346,0.4817666853751788,0.3,1.917335942173771,no,"term=Tau_R[H(chi_3,7)]; target=Z(rho_3,7)"
cell,tau_rewrite_term_normalizer,rho_1,rho_3,,,2.046672159964959,0.2731028938699556,0.3,2.086492780005666,no,"term=Tau_R[H(chi_3,8)]; target=Z(rho_3,8)"
cell,tau_rewrite_term_normalizer,rho_1,rho_3,,,2.267378153020849,0.2616774246191967,0.3,2.302059678494798,no,"term=Tau_R[H(chi_3,9)]; target=Z(rho_3,9)"
cell,tau_rewrite_term_normalizer,rho_1,rho_3,,,2.493844417156308,0.00173394978567476,0.3,2.511824632326776,no,"term=Tau_R[H(chi_3,10)]; target=Z(rho_3,10)"
cell,tau_rewrite_term_normalizer,rho_1,rho_3,,,0.4186841486928876,2.358634622745364,0.3,2.414219066277924,no,"term=Tau_R[H(chi_4,1)]; target=Z(rho_3,1)"
cell,tau_rewrite_term_normalizer,rho_1,rho_3,,,0.685430010839108,0.9712500678959252,0.3,1.226026506298595,no,"term=Tau_R[H(chi_4,2)]; target=Z(rho_3,2)"
cell,tau_rewrite_term_normalizer,rho_1,rho_3,,,0.9708221164481244,2.427150286523232,0.3,2.631264733004762,no,"term=Tau_R[H(chi_4,3)]; target=Z(rho_3,3)"
cell,tau_rewrite_term_normalizer,rho_1,rho_3,,,1.199904617462768,3.065772538145147,0.3,3.305863328489762,no,"term=Tau_R[H(chi_4,4)]; target=Z(rho_3,4)"
cell,tau_rewrite_term_normalizer,rho_1,rho_3,,,1.411798858909888,3.073263326096022,0.3,3.395309041831986,no,"term=Tau_R[H(chi_4,5)]; target=Z(rho_3,5)"
cell,tau_rewrite_term_normalizer,rho_1,rho_3,,,1.620227801220283,2.891358706905146,0.3,3.327926276203142,no,"term=Tau_R[H(chi_4,6)]; target=Z(rho_3,6)"
cell,tau_rewrite_term_normalizer,rho_1,rho_3,,,1.830811787152129,3.010638338340227,0.3,3.536356176102624,no,"term=Tau_R[H(chi_4,7)]; target=Z(rho_3,7)"
cell,tau_rewrite_term_normalizer,rho_1,rho_3,,,2.045975126163242,2.968017832856172,0.3,3.617339363818515,no,"term=Tau_R[H(chi_4,8)]; target=Z(rho_3,8)"
cell,tau_rewrite_term_normalizer,rho_1,rho_3,,,2.266712152382683,3.085613758917463,0.3,3.840442194719261,no,"term=Tau_R[H(chi_4,9)]; target=Z(rho_3,9)"
cell,tau_rewrite_term_normalizer,rho_1,rho_3,,,2.493324701157065,3.042583748190519,0.3,3.945121535536394,no,"term=Tau_R[H(chi_4,10)]; target=Z(rho_3,10)"
cell,tau_rewrite_term_normalizer,rho_1,rho_3,,,0.4165036136933162,1.011099517730816,0.3,1.133930110269183,no,"term=Tau_R[H(chi_5a,1)]; target=Z(rho_3,1)"
cell,tau_rewrite_term_normalizer,rho_1,rho_3,,,0.6780168007590991,1.110927681818815,0.3,1.335614875756829,no,"term=Tau_R[H(chi_5a,2)]; target=Z(rho_3,2)"
cell,tau_rewrite_term_normalizer,rho_1,rho_3,,,0.9637256832100199,0.1975223266603898,0.3,1.028485421388147,no,"term=Tau_R[H(chi_5a,3)]; target=Z(rho_3,3)"
cell,tau_rewrite_term_normalizer,rho_1,rho_3,,,1.193590699686157,0.450721290844649,0.3,1.310651914276997,no,"term=Tau_R[H(chi_5a,4)]; target=Z(rho_3,4)"
cell,tau_rewrite_term_normalizer,rho_1,rho_3,,,1.406478537909362,0.5005059459860208,0.3,1.522723901292358,no,"term=Tau_R[H(chi_5a,5)]; target=Z(rho_3,5)"
cell,tau_rewrite_term_normalizer,rho_1,rho_3,,,1.616002229988708,0.3261357749872125,0.3,1.675657408617581,no,"term=Tau_R[H(chi_5a,6)]; target=Z(rho_3,6)"
cell,tau_rewrite_term_normalizer,rho_1,rho_3,,,1.827716592528899,0.1388620260852387,0.3,1.857371961911224,no,"term=Tau_R[H(chi_5a,7)]; target=Z(rho_3,7)"
cell,tau_rewrite_term_normalizer,rho_1,rho_3,,,2.044010712076139,0.1366920935626283,0.3,2.070426168576059,no,"term=Tau_R[H(chi_5a,8)]; target=Z(rho_3,8)"
cell,tau_rewrite_term_normalizer,rho_1,rho_3,,,2.265862216330803,0.4385720531838,0.3,2.327332599614716,no,"term=Tau_R[H(chi_5a,9)]; target=Z(rho_3,9)"
cell,tau_rewrite_term_normalizer,rho_1,rho_3,,,2.493566011535962,0.7470761673489781,0.3,2.62030422922763,no,"term=Tau_R[H(chi_5a,10)]; target=Z(rho_3,10)"
cell,tau_rewrite_term_normalizer,rho_1,rho_3,,,0.4192325775376537,1.839497667779951,0.3,1.910368452376856,no,"term=Tau_R[H(chi_5b,1)]; target=Z(rho_3,1)"
cell,tau_rewrite_term_normalizer,rho_1,rho_3,,,0.6792206721437857,0.156885195784153,0.3,0.7589161258819633,no,"term=Tau_R[H(chi_5b,2)]; target=Z(rho_3,2)"
cell,tau_rewrite_term_normalizer,rho_1,rho_3,,,0.9629090215428883,0.9919106476474815,0.3,1.414595531127229,no,"term=Tau_R[H(chi_5b,3)]; target=Z(rho_3,3)"
cell,tau_rewrite_term_normalizer,rho_1,rho_3,,,1.191936756282518,1.17981748577088,0.3,1.703726072673659,no,"term=Tau_R[H(chi_5b,4)]; target=Z(rho_3,4)"
cell,tau_rewrite_term_normalizer,rho_1,rho_3,,,1.404797475942332,1.165284950220394,0.3,1.849687801663863,no,"term=Tau_R[H(chi_5b,5)]; target=Z(rho_3,5)"
cell,tau_rewrite_term_normalizer,rho_1,rho_3,,,1.614606999561749,1.004888028945179,0.3,1.92529366948295,no,"term=Tau_R[H(chi_5b,6)]; target=Z(rho_3,6)"
cell,tau_rewrite_term_normalizer,rho_1,rho_3,,,1.826644894829953,0.8007188400827893,0.3,2.016874372059861,no,"term=Tau_R[H(chi_5b,7)]; target=Z(rho_3,7)"
cell,tau_rewrite_term_normalizer,rho_1,rho_3,,,2.043192861085648,0.5735756649757984,0.3,2.1432746233378,no,"term=Tau_R[H(chi_5b,8)]; target=Z(rho_3,8)"
cell,tau_rewrite_term_normalizer,rho_1,rho_3,,,2.265204486536089,0.2670671667835543,0.3,2.30053824949663,no,"term=Tau_R[H(chi_5b,9)]; target=Z(rho_3,9)"
cell,tau_rewrite_term_normalizer,rho_1,rho_3,,,2.492983631003038,0.01894152749182787,0.3,2.511040853095149,no,"term=Tau_R[H(chi_5b,10)]; target=Z(rho_3,10)"
cell,tau_rewrite_term_normalizer,rho_1,rho_3,,,0.4174629068334501,2.474049266614504,0.3,2.526894349239319,no,"term=Tau_R[H(chi_7b,1)]; target=Z(rho_3,1)"
cell,tau_rewrite_term_normalizer,rho_1,rho_3,,,0.6760331145828261,0.5047561075956495,0.3,0.8954325771199456,no,"term=Tau_R[H(chi_7b,2)]; target=Z(rho_3,2)"
cell,tau_rewrite_term_normalizer,rho_1,rho_3,,,0.9611303546755204,1.646932066553226,0.3,1.930325565939583,no,"term=Tau_R[H(chi_7b,3)]; target=Z(rho_3,3)"
cell,tau_rewrite_term_normalizer,rho_1,rho_3,,,1.190815172777066,2.03038994411263,0.3,2.372872542061575,no,"term=Tau_R[H(chi_7b,4)]; target=Z(rho_3,4)"
cell,tau_rewrite_term_normalizer,rho_1,rho_3,,,1.403814028161358,1.893153706933746,0.3,2.375862955588896,no,"term=Tau_R[H(chi_7b,5)]; target=Z(rho_3,5)"
cell,tau_rewrite_term_normalizer,rho_1,rho_3,,,1.613641336135458,1.82581444343524,0.3,2.455083856722976,no,"term=Tau_R[H(chi_7b,6)]; target=Z(rho_3,6)"
cell,tau_rewrite_term_normalizer,rho_1,rho_3,,,1.825797177214295,1.449378150332946,0.3,2.350368557266336,no,"term=Tau_R[H(chi_7b,7)]; target=Z(rho_3,7)"
cell,tau_rewrite_term_normalizer,rho_1,rho_3,,,2.042637810024414,1.244644732654713,0.3,2.410707309788241,no,"term=Tau_R[H(chi_7b,8)]; target=Z(rho_3,8)"
cell,tau_rewrite_term_normalizer,rho_1,rho_3,,,2.265118517073014,0.774506714680822,0.3,2.412596640027655,no,"term=Tau_R[H(chi_7b,9)]; target=Z(rho_3,9)"
cell,tau_rewrite_term_normalizer,rho_1,rho_3,,,2.493517438575418,0.4860417509898847,0.3,2.558098082596722,no,"term=Tau_R[H(chi_7b,10)]; target=Z(rho_3,10)"
cell,tau_rewrite_term_normalizer,rho_1,rho_3,,,0.4216035835558771,1.47644686314331,0.3,1.564495101095838,no,"term=Tau_R[H(chi_11c,1)]; target=Z(rho_3,1)"
cell,tau_rewrite_term_normalizer,rho_1,rho_3,,,0.6704735883440777,2.77344162998182,0.3,2.869061398364141,no,"term=Tau_R[H(chi_11c,2)]; target=Z(rho_3,2)"
cell,tau_rewrite_term_normalizer,rho_1,rho_3,,,0.955253439096306,2.380323482293768,0.3,2.582334024340083,no,"term=Tau_R[H(chi_11c,3)]; target=Z(rho_3,3)"
cell,tau_rewrite_term_normalizer,rho_1,rho_3,,,1.185033877233172,2.122248210886913,0.3,2.449131021158931,no,"term=Tau_R[H(chi_11c,4)]; target=Z(rho_3,4)"
cell,tau_rewrite_term_normalizer,rho_1,rho_3,,,1.398484729237437,2.227128052141392,0.3,2.646858307228669,no,"term=Tau_R[H(chi_11c,5)]; target=Z(rho_3,5)"
cell,tau_rewrite_term_normalizer,rho_1,rho_3,,,1.609031183280857,2.500673278487955,0.3,2.988703430337961,no,"term=Tau_R[H(chi_11c,6)]; target=Z(rho_3,6)"
cell,tau_rewrite_term_normalizer,rho_1,rho_3,,,1.822090174469898,2.80323237396318,0.3,3.356802696962541,no,"term=Tau_R[H(chi_11c,7)]; target=Z(rho_3,7)"
cell,tau_rewrite_term_normalizer,rho_1,rho_3,,,2.039958432844728,3.007982426503376,0.3,3.646832692335564,no,"term=Tau_R[H(chi_11c,8)]; target=Z(rho_3,8)"
cell,tau_rewrite_term_normalizer,rho_1,rho_3,,,2.263552348542785,2.639588685857761,0.3,3.490142929036268,no,"term=Tau_R[H(chi_11c,9)]; target=Z(rho_3,9)"
cell,tau_rewrite_term_normalizer,rho_1,rho_3,,,2.493124271454325,2.051834243682084,0.3,3.242790834522185,no,"term=Tau_R[H(chi_11c,10)]; target=Z(rho_3,10)"
cell,tau_rewrite_term_normalizer,rho_1,rho_3,,,0.4222281612738104,0.1675500487058049,0.3,0.544380050143262,no,"term=Tau_R[H(chi_13a,1)]; target=Z(rho_3,1)"
cell,tau_rewrite_term_normalizer,rho_1,rho_3,,,0.6629025736634777,2.558950418467576,0.3,2.660388517932117,no,"term=Tau_R[H(chi_13a,2)]; target=Z(rho_3,2)"
cell,tau_rewrite_term_normalizer,rho_1,rho_3,,,0.9509973436736739,1.12514894841692,0.3,1.503448071533594,no,"term=Tau_R[H(chi_13a,3)]; target=Z(rho_3,3)"
cell,tau_rewrite_term_normalizer,rho_1,rho_3,,,1.182543915577658,0.8884785288822683,0.3,1.509239612703874,no,"term=Tau_R[H(chi_13a,4)]; target=Z(rho_3,4)"
cell,tau_rewrite_term_normalizer,rho_1,rho_3,,,1.397004883582611,0.7910142166686778,0.3,1.633195069710176,no,"term=Tau_R[H(chi_13a,5)]; target=Z(rho_3,5)"
cell,tau_rewrite_term_normalizer,rho_1,rho_3,,,1.608185956194072,1.093489582711118,0.3,1.96773512882135,no,"term=Tau_R[H(chi_13a,6)]; target=Z(rho_3,6)"
cell,tau_rewrite_term_normalizer,rho_1,rho_3,,,1.821688068363363,1.304931419294522,0.3,2.260839098095983,no,"term=Tau_R[H(chi_13a,7)]; target=Z(rho_3,7)"
cell,tau_rewrite_term_normalizer,rho_1,rho_3,,,2.039909518991906,1.756333347680401,0.3,2.708493617095678,no,"term=Tau_R[H(chi_13a,8)]; target=Z(rho_3,8)"
cell,tau_rewrite_term_normalizer,rho_1,rho_3,,,2.263823544117061,2.149601191811537,0.3,3.136189140140676,no,"term=Tau_R[H(chi_13a,9)]; target=Z(rho_3,9)"
cell,tau_rewrite_term_normalizer,rho_1,rho_3,,,2.493714512471532,2.649263089594882,0.3,3.650644735878986,no,"term=Tau_R[H(chi_13a,10)]; target=Z(rho_3,10)"
