k,dim,scenario,blind_fraction_bottom10,allminus_fraction,min_eig_over_logq,median_eig_over_logq
3,8,raw,0.026551653137772458,0.026551653137772458,0.07165439762348169,0.5417271335291108
3,8,zeta_smooth_seed,2.2631323889460216e-06,2.2631323889460216e-06,0.07165439762348169,0.5417271335291108
3,8,zeta_high_div_suppressed_seed,8.224994504662597e-11,8.224994504662597e-11,0.07165439762348169,0.5417271335291108
3,8,zeta_bandlimited_seed,1.5407439555097887e-33,1.5407439555097887e-33,0.07165439762348169,0.5417271335291108
4,16,raw,0.19527306635380903,0.19527306635380903,0.044974593216920905,0.4922562707517621
4,16,zeta_smooth_seed,8.523155709508661e-08,8.523155709508661e-08,0.044974593216920905,0.4922562707517621
4,16,zeta_high_div_suppressed_seed,1.5125187525383884e-13,1.5125187525383884e-13,0.044974593216920905,0.4922562707517621
4,16,zeta_bandlimited_seed,4.333342374871281e-34,4.333342374871281e-34,0.044974593216920905,0.4922562707517621
5,32,raw,0.16294059920323065,0.005762130634268881,0.03162722286119392,0.4654223120658557
5,32,zeta_smooth_seed,3.4984955460942247e-07,7.009930742482338e-08,0.03162722286119392,0.4654223120658557
5,32,zeta_high_div_suppressed_seed,3.4094265621718897e-13,4.2651171508605727e-16,0.03162722286119392,0.4654223120658557
5,32,zeta_bandlimited_seed,1.444447458290427e-34,9.62964972193618e-35,0.03162722286119392,0.4654223120658557
6,64,raw,0.056801398522365217,0.009442418801250279,0.02298543149061472,0.44837206521941636
6,64,zeta_smooth_seed,8.698745926114298e-06,4.082164756175336e-11,0.02298543149061472,0.44837206521941636
6,64,zeta_high_div_suppressed_seed,6.166140454153744e-12,8.474738703839913e-19,0.02298543149061472,0.44837206521941636
6,64,zeta_bandlimited_seed,2.708338984294551e-34,7.523163845262642e-37,0.02298543149061472,0.44837206521941636
7,128,raw,0.10287099605613431,0.002729572762807643,0.01748963767256976,0.434753866191148
7,128,zeta_smooth_seed,5.917512531519592e-08,5.7095410141508426e-12,0.01748963767256976,0.434753866191148
7,128,zeta_high_div_suppressed_seed,3.852912655665068e-15,4.554316800815472e-21,0.01748963767256976,0.434753866191148
7,128,zeta_bandlimited_seed,7.086820342237407e-34,9.403954806578301e-36,0.01748963767256976,0.434753866191148
8,256,raw,0.05505458384612411,0.002346793274003768,0.013529842427465464,0.423211127200336
8,256,zeta_smooth_seed,1.0640823315502882e-07,1.5092913387725232e-13,0.013529842427465464,0.423211127200336
8,256,zeta_high_div_suppressed_seed,1.2696837446333487e-14,1.334214672414986e-24,0.013529842427465464,0.423211127200336
8,256,zeta_bandlimited_seed,7.596514692753951e-34,7.52316384526264e-37,0.013529842427465464,0.423211127200336
9,512,raw,0.10127268713418781,0.005098918942762817,0.010742963038300052,0.41387224047537075
9,512,zeta_smooth_seed,1.0483165270953162e-08,3.2669728360834034e-14,0.010742963038300052,0.41387224047537075
9,512,zeta_high_div_suppressed_seed,4.424501022198088e-17,2.387456512107653e-26,0.010742963038300052,0.41387224047537075
9,512,zeta_bandlimited_seed,6.4424584201547865e-34,4.444838014046775e-38,0.010742963038300052,0.41387224047537075
10,1024,raw,0.10005845188644226,0.0010428631250968656,0.008770202168674137,0.4066085693102656
10,1024,zeta_smooth_seed,1.8543572043878672e-08,5.793790991017292e-16,0.008770202168674137,0.4066085693102656
10,1024,zeta_high_div_suppressed_seed,2.9119973299850883e-18,4.891937290382031e-34,0.008770202168674137,0.4066085693102656
10,1024,zeta_bandlimited_seed,6.976059387031177e-34,1.0579449157400588e-37,0.008770202168674137,0.4066085693102656
