i,j,ell_label,ell_value,c_real,c_imag,c_abs,error_bound,status,reason,formula
1,1,log2,0.693147180559945286226763982995,,,,not_certified,not_evaluated_certified,"requires certified boundary samples of kappa_i=T_{1/2}^*K(.,rho_i) and full K_infty^op PSWF correction; Step 202 only certifies E/G layer","<e_i,(I-P_infty)M_{m_ell}P_infty e_j>"
1,2,log2,0.693147180559945286226763982995,,,,not_certified,not_evaluated_certified,"requires certified boundary samples of kappa_i=T_{1/2}^*K(.,rho_i) and full K_infty^op PSWF correction; Step 202 only certifies E/G layer","<e_i,(I-P_infty)M_{m_ell}P_infty e_j>"
1,3,log2,0.693147180559945286226763982995,,,,not_certified,not_evaluated_certified,"requires certified boundary samples of kappa_i=T_{1/2}^*K(.,rho_i) and full K_infty^op PSWF correction; Step 202 only certifies E/G layer","<e_i,(I-P_infty)M_{m_ell}P_infty e_j>"
2,1,log2,0.693147180559945286226763982995,,,,not_certified,not_evaluated_certified,"requires certified boundary samples of kappa_i=T_{1/2}^*K(.,rho_i) and full K_infty^op PSWF correction; Step 202 only certifies E/G layer","<e_i,(I-P_infty)M_{m_ell}P_infty e_j>"
2,2,log2,0.693147180559945286226763982995,,,,not_certified,not_evaluated_certified,"requires certified boundary samples of kappa_i=T_{1/2}^*K(.,rho_i) and full K_infty^op PSWF correction; Step 202 only certifies E/G layer","<e_i,(I-P_infty)M_{m_ell}P_infty e_j>"
2,3,log2,0.693147180559945286226763982995,,,,not_certified,not_evaluated_certified,"requires certified boundary samples of kappa_i=T_{1/2}^*K(.,rho_i) and full K_infty^op PSWF correction; Step 202 only certifies E/G layer","<e_i,(I-P_infty)M_{m_ell}P_infty e_j>"
3,1,log2,0.693147180559945286226763982995,,,,not_certified,not_evaluated_certified,"requires certified boundary samples of kappa_i=T_{1/2}^*K(.,rho_i) and full K_infty^op PSWF correction; Step 202 only certifies E/G layer","<e_i,(I-P_infty)M_{m_ell}P_infty e_j>"
3,2,log2,0.693147180559945286226763982995,,,,not_certified,not_evaluated_certified,"requires certified boundary samples of kappa_i=T_{1/2}^*K(.,rho_i) and full K_infty^op PSWF correction; Step 202 only certifies E/G layer","<e_i,(I-P_infty)M_{m_ell}P_infty e_j>"
3,3,log2,0.693147180559945286226763982995,,,,not_certified,not_evaluated_certified,"requires certified boundary samples of kappa_i=T_{1/2}^*K(.,rho_i) and full K_infty^op PSWF correction; Step 202 only certifies E/G layer","<e_i,(I-P_infty)M_{m_ell}P_infty e_j>"
1,1,log3,1.09861228866810978210821758694,,,,not_certified,not_evaluated_certified,"requires certified boundary samples of kappa_i=T_{1/2}^*K(.,rho_i) and full K_infty^op PSWF correction; Step 202 only certifies E/G layer","<e_i,(I-P_infty)M_{m_ell}P_infty e_j>"
1,2,log3,1.09861228866810978210821758694,,,,not_certified,not_evaluated_certified,"requires certified boundary samples of kappa_i=T_{1/2}^*K(.,rho_i) and full K_infty^op PSWF correction; Step 202 only certifies E/G layer","<e_i,(I-P_infty)M_{m_ell}P_infty e_j>"
1,3,log3,1.09861228866810978210821758694,,,,not_certified,not_evaluated_certified,"requires certified boundary samples of kappa_i=T_{1/2}^*K(.,rho_i) and full K_infty^op PSWF correction; Step 202 only certifies E/G layer","<e_i,(I-P_infty)M_{m_ell}P_infty e_j>"
2,1,log3,1.09861228866810978210821758694,,,,not_certified,not_evaluated_certified,"requires certified boundary samples of kappa_i=T_{1/2}^*K(.,rho_i) and full K_infty^op PSWF correction; Step 202 only certifies E/G layer","<e_i,(I-P_infty)M_{m_ell}P_infty e_j>"
2,2,log3,1.09861228866810978210821758694,,,,not_certified,not_evaluated_certified,"requires certified boundary samples of kappa_i=T_{1/2}^*K(.,rho_i) and full K_infty^op PSWF correction; Step 202 only certifies E/G layer","<e_i,(I-P_infty)M_{m_ell}P_infty e_j>"
2,3,log3,1.09861228866810978210821758694,,,,not_certified,not_evaluated_certified,"requires certified boundary samples of kappa_i=T_{1/2}^*K(.,rho_i) and full K_infty^op PSWF correction; Step 202 only certifies E/G layer","<e_i,(I-P_infty)M_{m_ell}P_infty e_j>"
3,1,log3,1.09861228866810978210821758694,,,,not_certified,not_evaluated_certified,"requires certified boundary samples of kappa_i=T_{1/2}^*K(.,rho_i) and full K_infty^op PSWF correction; Step 202 only certifies E/G layer","<e_i,(I-P_infty)M_{m_ell}P_infty e_j>"
3,2,log3,1.09861228866810978210821758694,,,,not_certified,not_evaluated_certified,"requires certified boundary samples of kappa_i=T_{1/2}^*K(.,rho_i) and full K_infty^op PSWF correction; Step 202 only certifies E/G layer","<e_i,(I-P_infty)M_{m_ell}P_infty e_j>"
3,3,log3,1.09861228866810978210821758694,,,,not_certified,not_evaluated_certified,"requires certified boundary samples of kappa_i=T_{1/2}^*K(.,rho_i) and full K_infty^op PSWF correction; Step 202 only certifies E/G layer","<e_i,(I-P_infty)M_{m_ell}P_infty e_j>"
1,1,one,1.0,,,,not_certified,not_evaluated_certified,"requires certified boundary samples of kappa_i=T_{1/2}^*K(.,rho_i) and full K_infty^op PSWF correction; Step 202 only certifies E/G layer","<e_i,(I-P_infty)M_{m_ell}P_infty e_j>"
1,2,one,1.0,,,,not_certified,not_evaluated_certified,"requires certified boundary samples of kappa_i=T_{1/2}^*K(.,rho_i) and full K_infty^op PSWF correction; Step 202 only certifies E/G layer","<e_i,(I-P_infty)M_{m_ell}P_infty e_j>"
1,3,one,1.0,,,,not_certified,not_evaluated_certified,"requires certified boundary samples of kappa_i=T_{1/2}^*K(.,rho_i) and full K_infty^op PSWF correction; Step 202 only certifies E/G layer","<e_i,(I-P_infty)M_{m_ell}P_infty e_j>"
2,1,one,1.0,,,,not_certified,not_evaluated_certified,"requires certified boundary samples of kappa_i=T_{1/2}^*K(.,rho_i) and full K_infty^op PSWF correction; Step 202 only certifies E/G layer","<e_i,(I-P_infty)M_{m_ell}P_infty e_j>"
2,2,one,1.0,,,,not_certified,not_evaluated_certified,"requires certified boundary samples of kappa_i=T_{1/2}^*K(.,rho_i) and full K_infty^op PSWF correction; Step 202 only certifies E/G layer","<e_i,(I-P_infty)M_{m_ell}P_infty e_j>"
2,3,one,1.0,,,,not_certified,not_evaluated_certified,"requires certified boundary samples of kappa_i=T_{1/2}^*K(.,rho_i) and full K_infty^op PSWF correction; Step 202 only certifies E/G layer","<e_i,(I-P_infty)M_{m_ell}P_infty e_j>"
3,1,one,1.0,,,,not_certified,not_evaluated_certified,"requires certified boundary samples of kappa_i=T_{1/2}^*K(.,rho_i) and full K_infty^op PSWF correction; Step 202 only certifies E/G layer","<e_i,(I-P_infty)M_{m_ell}P_infty e_j>"
3,2,one,1.0,,,,not_certified,not_evaluated_certified,"requires certified boundary samples of kappa_i=T_{1/2}^*K(.,rho_i) and full K_infty^op PSWF correction; Step 202 only certifies E/G layer","<e_i,(I-P_infty)M_{m_ell}P_infty e_j>"
3,3,one,1.0,,,,not_certified,not_evaluated_certified,"requires certified boundary samples of kappa_i=T_{1/2}^*K(.,rho_i) and full K_infty^op PSWF correction; Step 202 only certifies E/G layer","<e_i,(I-P_infty)M_{m_ell}P_infty e_j>"
