trial,min_eig_signed_piece,signed_piece_psd,min_eig_repair_P_minus_signed,repair_defect_psd
0,-3.79970397005381,False,0.17728048552868295,True
1,-6.170711201546707,False,0.02773845744204904,True
2,-7.1226495635964095,False,0.09238065822410958,True
3,-1.537806330031345,False,0.0071450061820073525,True
4,-4.244726716332177,False,0.020357919263679847,True
5,-8.672552265948829,False,0.03502949542061681,True
6,-2.294316644708266,False,0.45524771749474563,True
7,-6.894379054754355,False,0.001971150894885035,True
8,-7.059962647730879,False,1.254052496937298,True
9,-16.267555440752066,False,0.3222343522274635,True
10,-4.199239502027894,False,0.0009241858711900098,True
11,-6.8836736408467605,False,0.11650521558587772,True
12,-5.7755748510497895,False,0.07816682780770572,True
13,-17.123902497027952,False,0.00012660359969254853,True
14,-11.687248478232302,False,0.06712337601945091,True
15,-8.474318549487062,False,0.009824872498818025,True
16,-4.5346842698049725,False,0.033357644576134146,True
17,-7.212155679004545,False,0.8627517370187338,True
18,-7.9560584399572445,False,0.02320820094014173,True
19,-6.364047126656054,False,0.003210705482521956,True
