gate,purpose
formed closure,no raw substrate claim
exact package,capacity computed on lawful carrier
null-mode legality,no fake pseudoinverse zero
declared native family,no hidden probe insertion
recombination closure,matrix budget not scalar diagonals
predictive transport,current safety not future safety
protocol honesty,route-local not route-union
readout agreement,public shadows paid by defect
critical-pair completion,witnesses resolved/priced/excluded
all-six status,P1-P6 records accepted
adequacy residual,native membrane covers layer-dissolving probes
