lambda,cap_first_coord,cap_second_coord,max_cap,coverage_min_eig
0.01,0.9900990099009901,1.0,1.0,0.0
0.011911031332830068,0.988229171375727,1.0,1.0,0.0
0.01418726674116596,0.9860111961504376,1.0,1.0,0.0
0.016898497868124567,0.983382316029032,1.0,1.0,0.0
0.020127853758499393,0.9802692832233317,1.0,1.0,0.0
0.02397434967801077,0.9765869626660576,1.0,1.0,0.0
0.028555923019901074,0.9722368785393222,1.0,1.0,0.0
0.03401304938279253,0.9671057832363962,1.0,1.0,0.0
0.04051304969235382,0.9610643521440387,1.0,1.0,0.0
0.04825522042741279,0.953966153006386,1.0,1.0,0.0
0.05747694424835353,0.9456470946615222,1.0,1.0,0.0
0.06846096838574657,0.9359256253514071,1.0,1.0,0.0
0.08154407395185162,0.9246040213101091,1.0,1.0,0.0
0.09712740198471168,0.911471172984097,1.0,1.0,0.0
0.11568875283162827,0.8963073235810534,1.0,1.0,0.0
0.13779723598335575,0.8788912192564234,1.0,1.0,0.0
0.1641307195375129,0.85901006065477,1.0,1.0,0.0
0.19549661430912604,0.8364724651084829,1.0,1.0,0.0
0.23285662984981953,0.811124323614024,1.0,1.0,0.0
0.2773562614198415,0.7828669496546351,1.0,1.0,0.0
0.33035991201283393,0.7516762877250266,1.0,1.0,0.0
0.39349272630958493,0.7176212556547176,1.0,1.0,0.0
0.46869041923141924,0.6808786841023381,1.0,1.0,0.0
0.5582586268862695,0.6417419950359663,1.0,1.0,0.0
0.6649435996665045,0.600620946079077,1.0,1.0,0.0
0.7920164050192553,0.5580306057461873,1.0,1.0,0.0
0.9433732216299778,0.5145691979645904,1.0,1.0,0.0
1.1236548001387516,0.47088632292530014,1.0,1.0,0.0
1.3383887531737577,0.4276448895175187,1.0,1.0,0.0
1.5941590374559995,0.3854813778035231,1.0,1.0,0.0
1.8988078244652633,0.3449694014071001,1.0,1.0,0.0
2.2616759492228646,0.3065908494797782,1.0,1.0,0.0
2.6938893095901726,0.2707173702806345,1.0,1.0,0.0
3.20869999737045,0.2376030604758688,1.0,1.0,0.0
3.8218926206331187,0.2073874469375262,1.0,1.0,0.0
4.55226827550731,0.1801065709326933,1.0,1.0,0.0
5.422221006501586,0.15570937203619153,1.0,1.0,0.0
6.458424430196978,0.13407657466519238,1.0,1.0,0.0
7.692649574879146,0.11503972308856163,1.0,1.0,0.0
9.16273901188674,0.09839866977104898,1.0,1.0,0.0
10.913767146512738,0.08393650704283813,1.0,1.0,0.0
12.999422244132463,0.07143151928424239,1.0,1.0,0.0
15.48365256585499,0.06066616582731469,1.0,1.0,0.0
18.442627085855346,0.051433378605893615,1.0,1.0,0.0
21.967070907932353,0.043540597928603104,1.0,1.0,0.0
26.165046987488207,0.036812010686400956,1.0,1.0,0.0
31.165269449294303,0.03108943332734742,1.0,1.0,0.0
37.12105009066361,0.026232225964964023,1.0,1.0,0.0
44.21499907374487,0.022116554693919547,1.0,1.0,0.0
52.66462393484281,0.01863424965418849,1.0,1.0,0.0
62.7289985819625,0.01569144380503469,1.0,1.0,0.0
74.71670675868081,0.013207124858020208,1.0,1.0,0.0
88.99530352885233,0.011111690952621786,1.0,1.0,0.0
106.00258488068825,0.009345568624487308,1.0,1.0,0.0
126.26001098748577,0.007857927971563164,1.0,1.0,0.0
150.388694695541,0.006605513060345146,1.0,1.0,0.0
179.12844546220057,0.005551594016336787,1.0,1.0,0.0
213.36045265014107,0.004665039598661913,1.0,1.0,0.0
254.1343036702639,0.003919504298772783,1.0,1.0,0.0
302.70016537634615,0.003292721288975253,1.0,1.0,0.0
360.5471154250506,0.0027658912416556173,1.0,1.0,0.0
429.4487988789272,0.0023231566741606148,1.0,1.0,0.0
511.5178099293145,0.0019511517075629392,1.0,1.0,0.0
609.2704661368674,0.001638617720320299,1.0,1.0,0.0
725.7039612324215,0.0013760761649132807,1.0,1.0,0.0
864.3882620598279,0.0011555506861391492,1.0,1.0,0.0
1029.5755673125127,0.0009703315620102985,1.0,1.0,0.0
1226.3306841775643,0.0008147763376991598,1.0,1.0,0.0
1460.686320364989,0.0006841413140887137,1.0,1.0,0.0
1739.8280529303659,0.0005744392723432293,1.0,1.0,0.0
2072.3146452190294,0.00048231945995556207,1.0,1.0,0.0
2468.340467068651,0.0004049664326714323,1.0,1.0,0.0
2940.0480643347078,0.00034001484441098696,1.0,1.0,0.0
3501.9004614317128,0.00028547770940407424,1.0,1.0,0.0
4171.1246120565165,0.00023968603361228027,1.0,1.0,0.0
4968.2395947343875,0.0002012380326880679,1.0,1.0,0.0
5917.685748188831,0.00016895642758293236,1.0,1.0,0.0
7048.574036451903,0.00014185254241308833,1.0,1.0,0.0
8395.57861999512,0.00011909612775120793,1.0,1.0,0.0
10000.0,9.999000099990002e-05,1.0,1.0,0.0
