variable,valid_count,pearson_r,spearman_rho,alpha,beta,R2,mean_rel_err_after_correction
s_fwd,14,-0.250292098894412,-0.292307692307692,0.436577175178379,-0.130579482103678,0.0626461347689703,0.333579512939425
s_bwd,14,0.202108207499236,0.230769230769231,-0.348147393378784,0.0991846255042285,0.040847727538554,0.337690561546586
s_mean,15,-0.24288749629427,-0.153571428571429,0.441630531555832,-0.140446818008842,0.0589943358560989,0.326736205277686
s_min,15,-0.353556140178085,-0.308523281433695,0.505151899919259,-0.18651266824194,0.125001944257626,0.313015485710382
spacing_asym,13,-0.180475355040376,-0.401098901098901,0.0206582439412058,-0.0651386716350567,0.03257135377695,0.337776014748609
defect_order_d,15,undefined_constant_or_too_few,undefined_constant_or_too_few,,,,
eta_sign_Re_zeta2,15,undefined_constant_or_too_few,undefined_constant_or_too_few,,,,
abs_zeta2,15,-0.158077877818891,-0.196428571428571,0.211621640080129,-0.0816441359736078,0.0249886154557243,0.319560899798809
m_sign_gamma,15,undefined_constant_or_too_few,undefined_constant_or_too_few,,,,
