trial,n,ydim,zdim,t,min_eig_bound_minus_KD,trace_KD,trace_bound,ratio
0,7,2,2,0.16182507761841153,0.5098993848798542,8.73002128384087,11.901845590312384,0.7335014740022128
1,6,2,5,0.11160175408700321,0.012302248002552883,22.160928127152406,26.956071879183774,0.8221126663586948
2,7,2,5,0.09613390314868285,0.047589280497525636,41.278708174516034,48.70188180349498,0.8475793264225319
3,4,2,2,0.13717028098863848,0.0912590207901654,6.662764733102346,10.002615151463988,0.666102277475624
4,8,3,3,0.1051830665644305,0.21087896251973662,25.494070452416366,31.695345321976106,0.8043474583865771
5,6,4,4,0.04383042533339169,0.04148734945210522,83.92253232843848,95.5689395158779,0.8781360633859029
6,4,3,4,0.18812786554060132,0.005078818155403661,2.3632511338193622,3.8614267351465132,0.6120150130803127
7,5,5,3,0.14168715010949282,0.06675893577157284,4.435797543502016,6.235610866845638,0.7113653558926969
8,6,2,3,0.12004485950492975,0.042006426211262146,13.19761055918802,15.771266674025389,0.8368136074272289
9,5,4,4,0.07648345272593005,0.011970403427845942,17.00596628126764,20.064823252313076,0.847551262596205
10,4,3,4,0.17627229111787382,3.126663260766899e-05,6.599988115656569,8.287643730213905,0.7963648451242273
11,5,2,5,0.17611494427575,0.0018422425262764578,9.951803499677428,12.12236945587011,0.8209454047664244
12,5,3,4,0.13366166652525047,0.007305326644503654,17.85417831938486,20.700772033616072,0.8624885241183944
13,5,5,2,0.05084055223464561,0.3844873911622664,15.445848895022756,16.933539764329154,0.9121453110211339
14,6,4,5,0.10844563117635847,0.06822793681191557,16.78063884760619,21.4496441384479,0.7823271444176249
15,7,5,4,0.09069300160103376,0.08643186810145452,17.500905303227864,20.954861132602637,0.8351716192477681
16,4,4,3,0.08348824845600628,0.0027551875148016723,15.240973741223552,17.74778338828746,0.8587536487109562
17,8,5,4,0.0501006646919904,0.18139067092536726,79.77119215138144,92.1605977973952,0.8655672169873455
18,6,3,3,0.1502506192239855,0.3191879839304193,7.944481548128167,10.701853960861854,0.7423462866511004
19,6,4,3,0.1083891816165976,0.4359540773328182,15.465185916164682,19.085506745480266,0.8103104686925365
20,8,2,2,0.04553265821275377,0.31209752525098433,28.17775608518667,32.17257944859375,0.8758314244031902
21,8,2,5,0.10354167601182328,0.04256375855765192,13.857165859307626,16.912714433710857,0.8193342300918395
22,6,3,3,0.09974097910105892,0.1952226156621519,16.50135503501783,19.48830316152,0.8467312365911901
23,5,4,4,0.06293795339929757,0.05735799921040864,47.072247625323605,51.92022266131686,0.9066264590655302
24,8,4,2,0.09555385494262035,0.19582835090920162,12.8700857308844,15.599374454619765,0.8250385788433277
25,8,2,4,0.11180115097053724,0.15861014986324243,18.568315579640398,21.691773169822866,0.8560072721704579
26,6,4,3,0.05889599820933906,0.30975180592358625,30.855518343686217,34.00615764489882,0.9073509176157918
27,7,4,5,0.1270040016419593,0.04439890126838605,23.89676724781379,29.44065840544289,0.8116926910641319
28,6,2,4,0.08455448908604817,0.0393272345254022,8.975608906076584,10.81873433335038,0.8296357623283083
29,5,5,5,0.05106935260605904,0.006685806909851289,75.270342108645,82.16613429117554,0.9160750077630081
30,5,2,4,0.37241572545712853,0.001723178820569226,1.278175739474753,2.209859609978891,0.5783968057079256
31,5,2,3,0.06952385433879894,0.2581634905430244,26.74817834253686,31.62818896503805,0.845706922141651
32,6,3,5,0.07384098118289241,0.016843707203675753,17.37457683442912,19.67688917457002,0.8829940891715568
33,7,5,4,0.1112069955726089,0.02652804743372479,20.509643131592178,24.39917200677931,0.8405876693640905
34,5,5,3,0.06805458802194596,0.060379214013570666,15.9981219045856,18.81048802289953,0.8504894655103998
35,7,4,4,0.08894902920906636,0.2189006123000462,47.931237688169404,53.42277065458129,0.8972061370249999
36,4,3,3,0.07584313498244549,0.08088554819137228,22.91778194266586,26.16851369584527,0.8757769817971923
37,7,4,2,0.04028977318251141,0.7096421384256086,37.81934590607898,42.12126590817658,0.8978682166990021
38,6,5,5,0.042876676953586414,0.029950948537007645,97.32067636342029,109.79975418589846,0.88634694207648
39,7,2,5,0.08249364469571314,0.1007751001997999,36.617967190979385,43.93800423124323,0.833400784392962
40,6,3,5,0.05803382259334982,0.03571923862023505,54.1126805720767,57.78130236616312,0.9365084959345815
41,7,3,5,0.10520111047152378,0.04308134661652033,23.470848957876747,27.654089202108587,0.8487297768637821
42,6,4,4,0.04050911075820916,0.042740944661160594,78.24279270508794,85.10272197353288,0.9193923636123131
43,6,5,4,0.07612223587416253,0.06266378837664957,10.750066958172749,12.249027527991391,0.8776261571464977
44,8,4,4,0.06058885296086258,0.10247533907468782,52.65328796404255,57.34484411053916,0.9181869578814608
45,6,2,2,0.10332625504616771,0.37823215116991343,13.361082098007941,15.636877736106992,0.8544597152637429
46,6,4,3,0.06959002757056848,0.5912418233601422,30.709794859158176,34.33139530980993,0.8945105371345945
47,6,4,2,0.1615929463933448,0.2773512445980792,3.5602569057850753,5.018516159614475,0.70942421874329
48,6,5,2,0.10436094208004733,0.4871226034990712,9.333227214544076,11.660733656310548,0.8003979414702715
49,4,2,2,0.10076962342698434,0.09436241725645395,4.328547080351042,5.051918376028414,0.8568125528096806
50,8,3,3,0.03582666505735885,0.531267159975652,86.10361882182497,89.66450749873529,0.9602865305766549
51,4,4,2,0.12482130074376027,0.05356335471548071,3.6888699851283966,4.374279122584673,0.843309236048183
52,4,4,2,0.08004998487868746,0.19729142316814025,7.94001628264985,9.57384980463546,0.8293441452158001
53,6,5,3,0.05846414617182483,0.2139946489991049,46.25717085332779,53.24995444842994,0.8686800079449021
54,5,5,2,0.066640910361194,0.141848266346155,14.429868024414617,15.644080283907133,0.9223851937948976
55,5,3,2,0.05756723506002337,0.24232837891075976,17.034587778565832,19.358652121336956,0.8799469958856506
56,7,2,3,0.09067183440403774,0.14191993164941114,11.690365783629124,15.318843712769672,0.7631363047254098
57,7,5,5,0.06965291962728046,0.0721101205257604,70.46798323331842,79.39426403095383,0.8875702053972655
58,8,3,4,0.05680041689831458,0.31255176590009626,47.701919319779904,52.50308671594708,0.9085545689505359
59,8,5,5,0.05604267979938161,0.08145386716552017,59.34755899438741,65.05991203349548,0.9121985741977776
60,6,3,5,0.15833520313244132,0.011142726137726516,9.01647011830981,13.260179021940221,0.6799659418919765
61,4,2,5,0.15709012029399305,-5.572799166576072e-17,18.083416190621364,20.77279670867061,0.87053353692492
62,7,3,5,0.07189119875512877,0.06679270079851629,47.550457278155875,52.156111098385594,0.9116948383758566
63,5,3,3,0.08373290050413149,0.10994059888590348,19.99279021618662,24.057929828728977,0.8310270400868849
64,6,4,5,0.06349964020519322,0.05199935704357318,54.36393611814913,61.28288385696624,0.8870982025753573
65,6,5,5,0.05416393545972466,0.07310585510180022,75.12840770438456,85.74015614885414,0.8762336235305375
66,7,2,2,0.09067810219576604,0.3141619144712207,5.08036173300917,5.860849037978408,0.8668303346645398
67,7,3,3,0.07951691006039083,0.10948685112542414,20.26106342635694,21.641079885697145,0.9362316267658957
68,7,4,2,0.06694741420560042,0.4261028476083844,23.279930457279207,27.557542609518823,0.8447752685044544
69,6,4,4,0.05739661337670648,0.03948865196328328,52.417859416653734,55.26934485025577,0.9484074681665267
70,5,4,2,0.17455044636538744,0.8119625571145386,9.793659234054402,11.835526467418635,0.8274798135101826
71,8,2,5,0.1553768664523043,0.004096646132697082,10.159085667390974,11.56531533929297,0.8784097423505303
72,7,3,4,0.11179748150335574,0.25979700244682263,21.509298577872173,26.245036273075804,0.8195568241579487
73,8,2,4,0.12072795358748285,0.05887862245090513,22.065072723109495,24.812757781246553,0.8892632136112756
74,7,2,3,0.08075105870904421,0.14568114967430845,17.004865084535126,19.339024552816213,0.8793031436561686
75,7,3,4,0.15473848281582842,0.0648446455327172,10.005191478104834,13.122746002854917,0.7624312377857619
76,5,3,4,0.11370407899558832,0.01249628933227923,7.69566522758363,9.487285456607838,0.8111556527714305
77,4,4,3,0.23247186004726303,0.01720537205056356,3.9083647966010187,6.27957348657695,0.6223933528217219
78,5,4,5,0.07574060605153893,0.026596400623063402,29.350595980437202,33.287875468575855,0.8817203130955146
79,8,2,3,0.1603598588816585,0.17055107080079057,8.488830442685977,10.28472884256235,0.825382037060207
