artifact,content_type,claim_status,notes
step193_results_summary.md,summary,attempt_result,"states BN carrier and CRCFT-TE verdict"
step193_schema.json,schema,authoritative,"machine-readable Step 193 result"
step193_beurling_nyman_pivot.tex,theorem_note,formal,"carrier declaration, Gram interface, CRCFT classification"
nonclaim_boundary_step193.md,nonclaim_boundary,guardrail,"prevents RH proof claim"
BN_declaration_step193.csv,declaration,typed_context,"H_BN, atoms, subspace, residual"
CRE_audit_step193.csv,audit,classification,"BN is CRE"
CRCFT_mode_audit_step193.csv,audit,classification,"mode is CRCFT-TE"
gram_matrix_structure_step193.csv,technical_interface,matrix_subinterface,"finite projection distances"

