n,K,increment
1,1.0,1.0
2,1.5,0.5
3,1.8333333333333333,0.3333333333333333
4,2.083333333333333,0.25
5,2.283333333333333,0.2
6,2.4499999999999997,0.16666666666666666
7,2.5928571428571425,0.14285714285714285
8,2.7178571428571425,0.125
9,2.8289682539682537,0.1111111111111111
10,2.9289682539682538,0.1
11,3.0198773448773446,0.09090909090909091
12,3.103210678210678,0.08333333333333333
13,3.180133755133755,0.07692307692307693
14,3.251562326562327,0.07142857142857142
15,3.3182289932289937,0.06666666666666667
16,3.3807289932289937,0.0625
17,3.439552522640758,0.058823529411764705
18,3.4951080781963135,0.05555555555555555
19,3.547739657143682,0.05263157894736842
20,3.597739657143682,0.05
21,3.6453587047627294,0.047619047619047616
22,3.690813250217275,0.045454545454545456
23,3.73429151108684,0.043478260869565216
24,3.7759581777535067,0.041666666666666664
25,3.8159581777535068,0.04
26,3.854419716215045,0.038461538461538464
27,3.8914567532520823,0.037037037037037035
28,3.927171038966368,0.03571428571428571
29,3.9616537975870574,0.034482758620689655
30,3.9949871309203906,0.03333333333333333
31,4.02724519543652,0.03225806451612903
32,4.05849519543652,0.03125
33,4.08879822573955,0.030303030303030304
34,4.118209990445433,0.029411764705882353
35,4.146781419016861,0.02857142857142857
36,4.174559196794639,0.027777777777777776
37,4.201586223821666,0.02702702702702703
38,4.22790201329535,0.02631578947368421
39,4.2535430389363755,0.02564102564102564
40,4.278543038936376,0.025
41,4.302933282838815,0.024390243902439025
42,4.326742806648339,0.023809523809523808
43,4.349998620601827,0.023255813953488372
44,4.3727258933290996,0.022727272727272728
45,4.394948115551322,0.022222222222222223
46,4.416687245986104,0.021739130434782608
47,4.4379638417307845,0.02127659574468085
48,4.4587971750641175,0.020833333333333332
49,4.4792053383294235,0.02040816326530612
50,4.499205338329423,0.02
51,4.518813181466678,0.0196078431372549
52,4.538043950697447,0.019230769230769232
53,4.556911875225749,0.018867924528301886
54,4.575430393744267,0.018518518518518517
55,4.593612211926086,0.01818181818181818
56,4.611469354783229,0.017857142857142856
57,4.6290132144323515,0.017543859649122806
58,4.646254593742697,0.017241379310344827
59,4.6632037462850695,0.01694915254237288
60,4.679870412951736,0.016666666666666666
61,4.696263855574687,0.01639344262295082
62,4.712392887832752,0.016129032258064516
63,4.7282659037057675,0.015873015873015872
64,4.7438909037057675,0.015625
65,4.759275519090383,0.015384615384615385
66,4.774427034241898,0.015151515151515152
67,4.789352407376227,0.014925373134328358
68,4.804058289729168,0.014705882352941176
69,4.818551043352357,0.014492753623188406
70,4.832836757638071,0.014285714285714285
71,4.846921264680325,0.014084507042253521
72,4.860810153569214,0.013888888888888888
73,4.8745087837062,0.0136986301369863
74,4.888022297219713,0.013513513513513514
75,4.901355630553047,0.013333333333333334
76,4.914513525289889,0.013157894736842105
77,4.927500538276902,0.012987012987012988
78,4.940321051097415,0.01282051282051282
79,4.9529792789455165,0.012658227848101266
80,4.965479278945517,0.0125
81,4.977824957957862,0.012345679012345678
82,4.9900200799090815,0.012195121951219513
83,5.002068272680166,0.012048192771084338
84,5.013973034584928,0.011904761904761904
85,5.025737740467281,0.011764705882352941
86,5.037365647444025,0.011627906976744186
87,5.048859900317588,0.011494252873563218
88,5.0602235366812245,0.011363636363636364
89,5.0714594917374045,0.011235955056179775
90,5.082570602848516,0.011111111111111112
91,5.0935596138375265,0.01098901098901099
92,5.104429179054918,0.010869565217391304
93,5.115181867226961,0.010752688172043012
94,5.125820165099301,0.010638297872340425
95,5.136346480888775,0.010526315789473684
96,5.146763147555442,0.010416666666666666
97,5.157072425905957,0.010309278350515464
98,5.1672765075386105,0.01020408163265306
99,5.177377517639621,0.010101010101010102
100,5.187377517639621,0.01
101,5.1972785077386305,0.009900990099009901
102,5.207082429307258,0.00980392156862745
103,5.216791167171336,0.009708737864077669
104,5.226406551786721,0.009615384615384616
105,5.235930361310531,0.009523809523809525
106,5.245364323574681,0.009433962264150943
107,5.254710117967204,0.009345794392523364
108,5.263969377226464,0.009259259259259259
109,5.273143689153069,0.009174311926605505
110,5.282234598243978,0.00909090909090909
111,5.291243607252987,0.009009009009009009
112,5.300172178681558,0.008928571428571428
113,5.3090217362036825,0.008849557522123894
114,5.317793666028244,0.008771929824561403
115,5.3264893182021575,0.008695652173913044
116,5.33511000785733,0.008620689655172414
117,5.343657016404339,0.008547008547008548
118,5.3521315926755255,0.00847457627118644
119,5.360534954020063,0.008403361344537815
120,5.368868287353397,0.008333333333333333
121,5.377132750163314,0.008264462809917356
122,5.3853294714747895,0.00819672131147541
123,5.393459552775602,0.008130081300813009
124,5.401524068904634,0.008064516129032258
125,5.409524068904634,0.008
126,5.417460576841142,0.007936507936507936
127,5.425334592589174,0.007874015748031496
128,5.433147092589174,0.0078125
129,5.44089903057367,0.007751937984496124
130,5.448591338265977,0.007692307692307693
131,5.456224926052237,0.007633587786259542
132,5.463800683627995,0.007575757575757576
133,5.471319480620476,0.007518796992481203
134,5.47878216718764,0.007462686567164179
135,5.4861895745950475,0.007407407407407408
136,5.4935425157715185,0.007352941176470588
137,5.5008417858445116,0.0072992700729927005
138,5.508088162656105,0.007246376811594203
139,5.515282407260422,0.007194244604316547
140,5.522425264403279,0.007142857142857143
141,5.529517462984839,0.0070921985815602835
142,5.536559716505966,0.007042253521126761
143,5.543552723498973,0.006993006993006993
144,5.550497167943417,0.006944444444444444
145,5.557393719667555,0.006896551724137931
146,5.564243034736048,0.00684931506849315
147,5.571045755824484,0.006802721088435374
148,5.577802512581241,0.006756756756756757
149,5.584513921977214,0.006711409395973154
150,5.591180588643881,0.006666666666666667
151,5.597803105200172,0.006622516556291391
152,5.604382052568593,0.006578947368421052
153,5.6109180002810115,0.006535947712418301
154,5.617411506774518,0.006493506493506494
155,5.623863119677744,0.0064516129032258064
156,5.630273376088001,0.00641025641025641
157,5.636642802839593,0.006369426751592357
158,5.642971916763644,0.006329113924050633
159,5.649261224939744,0.006289308176100629
160,5.655511224939744,0.00625
161,5.661722405063967,0.006211180124223602
162,5.66789524457014,0.006172839506172839
163,5.674030213895294,0.006134969325153374
164,5.680127774870903,0.006097560975609756
165,5.686188380931509,0.006060606060606061
166,5.692212477317051,0.006024096385542169
167,5.698200501269147,0.005988023952095809
168,5.704152882221528,0.005952380952380952
169,5.710070041984842,0.005917159763313609
170,5.715952394926019,0.0058823529411764705
171,5.721800348142393,0.005847953216374269
172,5.727614301630765,0.005813953488372093
173,5.733394648451574,0.005780346820809248
174,5.739141774888355,0.005747126436781609
175,5.744856060602641,0.005714285714285714
176,5.750537878784459,0.005681818181818182
177,5.756187596298584,0.005649717514124294
178,5.761805573826673,0.0056179775280898875
179,5.767392166005444,0.00558659217877095
180,5.772947721561,0.005555555555555556
181,5.778472583439453,0.0055248618784530384
182,5.7839670889339585,0.005494505494505495
183,5.789431569808276,0.00546448087431694
184,5.794866352416971,0.005434782608695652
185,5.800271757822377,0.005405405405405406
186,5.805648101908399,0.005376344086021506
187,5.810995695491286,0.0053475935828877
188,5.816314844427456,0.005319148936170213
189,5.821605849718462,0.005291005291005291
190,5.826869007613198,0.005263157894736842
191,5.832104609707439,0.005235602094240838
192,5.837312943040772,0.005208333333333333
193,5.8424942901910315,0.0051813471502590676
194,5.847648929366289,0.005154639175257732
195,5.852777134494494,0.005128205128205128
196,5.857879175310821,0.00510204081632653
197,5.8629553174428,0.005076142131979695
198,5.868005822493306,0.005050505050505051
199,5.873030948121446,0.005025125628140704
200,5.878030948121446,0.005
201,5.883006072499556,0.004975124378109453
202,5.88795656754906,0.0049504950495049506
203,5.8928826759234445,0.0049261083743842365
204,5.897784636707758,0.004901960784313725
205,5.902662685488246,0.004878048780487805
206,5.907517054420285,0.0048543689320388345
207,5.912347972294681,0.004830917874396135
208,5.917155664602373,0.004807692307692308
209,5.921940353597589,0.004784688995215311
210,5.9267022583594935,0.004761904761904762
211,5.931441594852385,0.004739336492890996
212,5.93615857598446,0.0047169811320754715
213,5.940853411665211,0.004694835680751174
214,5.9455263088614725,0.004672897196261682
215,5.95017747165217,0.004651162790697674
216,5.9548071012818,0.004629629629629629
217,5.959415396212675,0.004608294930875576
218,5.964002552175978,0.0045871559633027525
219,5.96856876222164,0.0045662100456621
220,5.973114216767095,0.004545454545454545
221,5.977639103644923,0.004524886877828055
222,5.9821436081494275,0.0045045045045045045
223,5.986627913082163,0.004484304932735426
224,5.991092198796449,0.004464285714285714
225,5.995536643240893,0.0044444444444444444
226,5.999961422001955,0.004424778761061947
227,6.004366708345567,0.004405286343612335
228,6.008752673257848,0.0043859649122807015
229,6.013119485484922,0.004366812227074236
230,6.017467311571878,0.004347826086956522
231,6.0217963159008825,0.004329004329004329
232,6.026106660728469,0.004310344827586207
233,6.030398506222031,0.004291845493562232
234,6.034672010495536,0.004273504273504274
235,6.038927329644472,0.00425531914893617
236,6.043164617780065,0.00423728813559322
237,6.0473840270627655,0.004219409282700422
238,6.051585707735034,0.004201680672268907
239,6.055769808153444,0.0041841004184100415
240,6.059936474820111,0.004166666666666667
241,6.064085852413472,0.004149377593360996
242,6.06821808381843,0.004132231404958678
243,6.072333310155879,0.00411522633744856
244,6.076431670811617,0.004098360655737705
245,6.080513303464678,0.004081632653061225
246,6.0845783441150845,0.0040650406504065045
247,6.088626927111036,0.004048582995951417
248,6.092659185175552,0.004032258064516129
249,6.09667524943258,0.004016064257028112
250,6.100675249432579,0.004
251,6.104659313177599,0.00398406374501992
252,6.108627567145853,0.003968253968253968
253,6.112580136315814,0.003952569169960474
254,6.11651714418983,0.003937007874015748
255,6.120438712817281,0.00392156862745098
256,6.124344962817281,0.00390625
257,6.128236013400938,0.0038910505836575876
258,6.1321119823931864,0.003875968992248062
259,6.13597298625419,0.003861003861003861
260,6.139819140100344,0.0038461538461538464
261,6.143650557724865,0.0038314176245210726
262,6.147467351617994,0.003816793893129771
263,6.151269632986815,0.0038022813688212928
264,6.155057511774694,0.003787878787878788
265,6.1588310966803546,0.0037735849056603774
266,6.1625904951765955,0.0037593984962406013
267,6.166335813528655,0.003745318352059925
268,6.170067156812237,0.0037313432835820895
269,6.173784628931196,0.0037174721189591076
270,6.1774883326349,0.003703703703703704
271,6.181178369535269,0.0036900369003690036
272,6.184854840123505,0.003676470588235294
273,6.188517843786508,0.003663003663003663
274,6.192167478823005,0.0036496350364963502
275,6.195803842459369,0.0036363636363636364
276,6.1994270308651656,0.0036231884057971015
277,6.203037139168415,0.0036101083032490976
278,6.206634261470573,0.0035971223021582736
279,6.210218490861254,0.0035842293906810036
280,6.213789919432683,0.0035714285714285713
281,6.217348638293893,0.0035587188612099642
282,6.220894737584673,0.0035460992907801418
283,6.2244283064892665,0.0035335689045936395
284,6.2279494332498295,0.0035211267605633804
285,6.231458205179654,0.0035087719298245615
286,6.234954708676157,0.0034965034965034965
287,6.238439029233648,0.003484320557491289
288,6.24191125145587,0.003472222222222222
289,6.245371459068327,0.0034602076124567475
290,6.248819734930396,0.0034482758620689655
291,6.252256161047234,0.003436426116838488
292,6.255680818581481,0.003424657534246575
293,6.2590937878647575,0.0034129692832764505
294,6.262495148408975,0.003401360544217687
295,6.26588497891745,0.003389830508474576
296,6.269263357295828,0.0033783783783783786
297,6.2726303606628315,0.003367003367003367
298,6.275986065360818,0.003355704697986577
299,6.279330546966169,0.0033444816053511705
300,6.282663880299502,0.0033333333333333335
301,6.285986139435715,0.0033222591362126247
302,6.28929739771386,0.0033112582781456954
303,6.292597727746863,0.0033003300330033004
304,6.295887201431074,0.003289473684210526
305,6.299165889955664,0.003278688524590164
306,6.302433863811873,0.0032679738562091504
307,6.305691192802101,0.003257328990228013
308,6.308937946048854,0.003246753246753247
309,6.312174192003546,0.003236245954692557
310,6.315399998455159,0.0032258064516129032
311,6.31861543253876,0.003215434083601286
312,6.321820560743888,0.003205128205128205
313,6.3250154489228025,0.003194888178913738
314,6.328200162298598,0.0031847133757961785
315,6.3313747654732015,0.0031746031746031746
316,6.334539322435226,0.0031645569620253164
317,6.3376938965677185,0.0031545741324921135
318,6.340838550655769,0.0031446540880503146
319,6.343973346894013,0.003134796238244514
320,6.347098346894013,0.003125
321,6.350213611691521,0.003115264797507788
322,6.353319201753632,0.003105590062111801
323,6.356415176985831,0.0030959752321981426
324,6.359501596738917,0.0030864197530864196
325,6.36257851981584,0.003076923076923077
326,6.365646004478417,0.003067484662576687
327,6.368704108453952,0.0030581039755351682
328,6.3717528889417565,0.003048780487804878
329,6.374792402619568,0.00303951367781155
330,6.377822705649871,0.0030303030303030303
331,6.380843853686125,0.0030211480362537764
332,6.383855901878896,0.0030120481927710845
333,6.3868589048818984,0.003003003003003003
334,6.389852916857946,0.0029940119760479044
335,6.392837991484812,0.0029850746268656717
336,6.395814181961002,0.002976190476190476
337,6.398781541011448,0.002967359050445104
338,6.401740120893105,0.0029585798816568047
339,6.40468997340048,0.0029498525073746312
340,6.407631149871068,0.0029411764705882353
341,6.410563701190716,0.002932551319648094
342,6.413487677798903,0.0029239766081871343
343,6.416403129693947,0.0029154518950437317
344,6.419310106438133,0.0029069767441860465
345,6.422208657162771,0.002898550724637681
346,6.425098830573176,0.002890173410404624
347,6.427980674953579,0.002881844380403458
348,6.43085423817197,0.0028735632183908046
349,6.433719567684864,0.0028653295128939827
350,6.436576710542007,0.002857142857142857
351,6.43942571339101,0.002849002849002849
352,6.442266622481919,0.002840909090909091
353,6.445099483671721,0.0028328611898017
354,6.4479243424287835,0.002824858757062147
355,6.450741243837235,0.0028169014084507044
356,6.4535502326012795,0.0028089887640449437
357,6.456351353049459,0.0028011204481792717
358,6.459144649138844,0.002793296089385475
359,6.4619301644591784,0.002785515320334262
360,6.464707942236957,0.002777777777777778
361,6.4674780253394495,0.002770083102493075
362,6.470240456278676,0.0027624309392265192
363,6.472995277215315,0.0027548209366391185
364,6.4757425299625675,0.0027472527472527475
365,6.478482255989965,0.0027397260273972603
366,6.481214496427123,0.00273224043715847
367,6.48393929206745,0.0027247956403269754
368,6.486656683371797,0.002717391304347826
369,6.489366710472068,0.0027100271002710027
370,6.492069413174771,0.002702702702702703
371,6.494764830964528,0.0026954177897574125
372,6.497453003007539,0.002688172043010753
373,6.500133968154993,0.002680965147453083
374,6.502807764946437,0.00267379679144385
375,6.505474431613103,0.0026666666666666666
376,6.508134006081188,0.0026595744680851063
377,6.510786525975087,0.002652519893899204
378,6.513432028620589,0.0026455026455026454
379,6.51607055104803,0.002638522427440633
380,6.518702129995399,0.002631578947368421
381,6.5213268019114095,0.0026246719160104987
382,6.5239446029585295,0.002617801047120419
383,6.5265555690159704,0.0026109660574412533
384,6.529159735682637,0.0026041666666666665
385,6.53175713828004,0.0025974025974025974
386,6.534347811855169,0.0025906735751295338
387,6.536931791183335,0.002583979328165375
388,6.539509110770964,0.002577319587628866
389,6.542079804858368,0.002570694087403599
390,6.54464390742247,0.002564102564102564
391,6.547201452179504,0.0025575447570332483
392,6.5497524725876675,0.002551020408163265
393,6.552297001849754,0.002544529262086514
394,6.554835072915744,0.0025380710659898475
395,6.557366718485365,0.002531645569620253
396,6.559891971010617,0.0025252525252525255
397,6.5624108626982744,0.0025188916876574307
398,6.564923425512345,0.002512562814070352
399,6.567429691176505,0.002506265664160401
400,6.5699296911765055,0.0025
401,6.57242345676254,0.0024937655860349127
402,6.574911018951595,0.0024875621890547263
403,6.577392408529759,0.0024813895781637717
404,6.579867656054511,0.0024752475247524753
405,6.582336791856981,0.0024691358024691358
406,6.584799846044173,0.0024630541871921183
407,6.587256848501175,0.002457002457002457
408,6.589707828893332,0.0024509803921568627
409,6.592152816668394,0.0024449877750611247
410,6.594591841058637,0.0024390243902439024
411,6.597024931082968,0.0024330900243309003
412,6.599452115548988,0.0024271844660194173
413,6.601873423055041,0.002421307506053269
414,6.604288881992239,0.0024154589371980675
415,6.6066985205464555,0.0024096385542168677
416,6.609102366700301,0.002403846153846154
417,6.611500448235073,0.002398081534772182
418,6.613892792732681,0.0023923444976076554
419,6.61627942757755,0.002386634844868735
420,6.618660379958502,0.002380952380952381
421,6.6210356768706164,0.0023752969121140144
422,6.623405345117062,0.002369668246445498
423,6.625769411310915,0.002364066193853428
424,6.628127901876953,0.0023584905660377358
425,6.630480843053423,0.002352941176470588
426,6.632828260893799,0.002347417840375587
427,6.635170181268506,0.00234192037470726
428,6.637506629866637,0.002336448598130841
429,6.639837632197639,0.002331002331002331
430,6.642163213592988,0.002325581395348837
431,6.644483399207837,0.002320185614849188
432,6.646798214022652,0.0023148148148148147
433,6.649107682844822,0.0023094688221709007
434,6.65141183031026,0.002304147465437788
435,6.653710680884973,0.0022988505747126436
436,6.656004258866624,0.0022935779816513763
437,6.658292588386075,0.002288329519450801
438,6.660575693408906,0.00228310502283105
439,6.662853597736924,0.002277904328018223
440,6.665126325009651,0.0022727272727272726
441,6.667393898705797,0.0022675736961451248
442,6.669656342144711,0.0022624434389140274
443,6.671913678487826,0.002257336343115124
444,6.674165930740078,0.0022522522522522522
445,6.676413121751314,0.0022471910112359553
446,6.6786552742176815,0.002242152466367713
447,6.680892410683006,0.0022371364653243847
448,6.683124553540149,0.002232142857142857
449,6.685351725032354,0.0022271714922048997
450,6.6875739472545765,0.0022222222222222222
451,6.689791242154798,0.0022172949002217295
452,6.692003631535329,0.0022123893805309734
453,6.694211137054093,0.002207505518763797
454,6.696413780225899,0.0022026431718061676
455,6.698611582423701,0.002197802197802198
456,6.700804564879841,0.0021929824561403508
457,6.702992748687281,0.002188183807439825
458,6.705176154800818,0.002183406113537118
459,6.707354804038291,0.002178649237472767
460,6.709528717081769,0.002173913043478261
461,6.711697914478732,0.0021691973969631237
462,6.713862416643234,0.0021645021645021645
463,6.716022243857057,0.0021598272138228943
464,6.71817741627085,0.0021551724137931034
465,6.720327953905258,0.002150537634408602
466,6.722473876652039,0.002145922746781116
467,6.724615204275165,0.0021413276231263384
468,6.726751956411917,0.002136752136752137
469,6.728884152573964,0.0021321961620469083
470,6.731011812148432,0.002127659574468085
471,6.733134954398962,0.0021231422505307855
472,6.735253598466759,0.00211864406779661
473,6.737367763371622,0.0021141649048625794
474,6.739477468012972,0.002109704641350211
475,6.741582731170867,0.002105263157894737
476,6.743683571507002,0.0021008403361344537
477,6.745780007565702,0.0020964360587002098
478,6.747872057774907,0.0020920502092050207
479,6.7499597404471405,0.0020876826722338203
480,6.752043073780474,0.0020833333333333333
481,6.754122075859476,0.002079002079002079
482,6.756196764656156,0.002074688796680498
483,6.758267158030898,0.002070393374741201
484,6.7603332737333774,0.002066115702479339
485,6.7623951294034805,0.002061855670103093
486,6.764452742572205,0.00205761316872428
487,6.766506130662554,0.002053388090349076
488,6.768555310990423,0.0020491803278688526
489,6.770600300765474,0.002044989775051125
490,6.772641117092005,0.0020408163265306124
491,6.774677776969805,0.002036659877800407
492,6.776710297295009,0.0020325203252032522
493,6.778738694860931,0.002028397565922921
494,6.780762986358907,0.0020242914979757085
495,6.782783188379109,0.00202020202020202
496,6.784799317411367,0.0020161290322580645
497,6.786811389845974,0.002012072434607646
498,6.788819421974488,0.002008032128514056
499,6.79082342999052,0.002004008016032064
500,6.79282342999052,0.002
