N,gamma_source,epsilon_density,delta_blind,visibility_floor,Lambda_eff,tail_good,tail_marginal,tail_bad,scaled_tail_good,scaled_tail_marginal,scaled_tail_bad,collapse_good,collapse_marginal,collapse_bad
10.0,1.2418468623175143,0.5100003849423336,0.5047102202149935,0.5514231998895752,0.6847831705919525,0.056234132519034905,0.40242960438184466,0.2568631551321858,0.03850818756187274,0.27557702042866467,0.17589556577967078,1.5165503945783991,1.8627458664412089,1.71717941719155
20.0,1.8181702276740288,0.4652090230219897,0.4812477917487702,0.6021037471747741,1.094727107084145,0.023643540225079394,0.32351545314867247,0.25384930771093084,0.025883224391828778,0.3541611361224624,0.27789571826570025,0.9371132017771215,1.2369851147007145,1.1673189692629728
30.0,2.272399758477236,0.42508339204732454,0.45948067656578195,0.6463305843250229,1.468721463716633,0.014242900213207801,0.28853900817779266,0.2509536349373726,0.020918853248712507,0.4237834344302332,0.3685809900302275,0.6951071925273389,0.9694033004919237,0.9318179272515037
40.0,2.661957023131747,0.3891374821199079,0.43928637723860126,0.6848209378651284,1.8229639051377482,0.009940884109588132,0.267546386419054,0.2481715031172969,0.01812187291693657,0.4877274053919716,0.45240769246661244,0.558498097547359,0.8161035998568249,0.7967287165550678
50.0,3.0095498873333906,0.35693590898263367,0.42055124757684026,0.7182663696538174,2.1616584718670095,0.007521206186172787,0.2530848692773169,0.24549846024623856,0.016258279070998968,0.5470830517746667,0.5306838264215878,0.4701289737935631,0.7156926368847072,0.7081062278536289
60.0,3.3269879818568153,0.32808864055601566,0.40316985306762065,0.7473087079253106,2.486287090004453,0.005988401866051403,0.2422988705246811,0.24293022888532426,0.01488888624932218,0.6024245537081752,0.6039942918494086,0.40819456865196707,0.6445050373105967,0.6451363956712399
70.0,3.6213622189423087,0.3022462727893895,0.3870443775283853,0.7725287973069858,2.797606599612459,0.004938868352027729,0.23382699798647663,0.24046269931645803,0.013817010696249883,0.6541559527345362,0.6727200345683493,0.3623872673293986,0.5912753969638475,0.5979110982938289
80.0,3.8973332007891894,0.2790957976071591,0.3720840726329092,0.7944431990429347,3.0962098557712037,0.004179626906102638,0.2269261879165124,0.23809192296589526,0.012941002020121491,0.7026110995596939,0.7371825584665231,0.3271551507182378,0.5499017117286475,0.5610674467780304
90.0,4.158162184901608,0.25835681169058194,0.35820474721264217,0.813505626657938,3.3826883339737233,0.0036074212830566545,0.2211514277946646,0.23581410608568248,0.012202781889924266,0.7480863548426442,0.7976856256424801,0.2992302813487005,0.5167742878603084,0.5314369661513263
100.0,4.406238941279586,0.2397781201750782,0.3453282934593551,0.8301110220209665,3.6576675108141785,0.0031622776601683794,0.2162174871877535,0.23362560368285112,0.011566560257771362,0.7908516781565269,0.8545247802851138,0.2765605559463773,0.48961576547396246,0.50702388196906
110.0,4.643377805366368,0.22313469412634596,0.33338224736273225,0.8446009304322445,3.921801214760868,0.002807108139966771,0.2119318086698044,0.2315229136866513,0.011008920113286802,0.8311544246877068,0.9079868441412846,0.2577919850470884,0.466916685576926,0.4865077905937729
120.0,4.870995514819567,0.20822494494360816,0.32229938090920973,0.8572693369322056,4.175755095189118,0.00251781283113064,0.20815895490223127,0.22950267134449126,0.010513769758326307,0.8692208165422339,0.9583469492262728,0.24199545871896033,0.44763660079006096,0.4689803172323209
130.0,5.090223927714914,0.19486828267700218,0.3120173237471049,0.8683684593467682,4.420189909839855,0.002278089643085865,0.204800443649844,0.22756164383761554,0.010069588854078817,0.9052568545517662,1.005865681957599,0.2285127131315211,0.4310350671382792,0.4537962673260508
140.0,5.301984624591345,0.18290292868494945,0.30247821218890436,0.8781142114992619,4.655748048004239,0.002076538346315069,0.20178266682373375,0.22569672510790517,0.009667839352462331,0.9394492571856881,1.0507870873620788,0.2168647935717382,0.4165709220491569,0.4404849803333283
150.0,5.50704007444118,0.172183956137962,0.2936283635754224,0.8866911901482765,4.883043917800503,0.0019049602864658662,0.19904931971422546,0.2239049308875221,0.009302004740478651,0.9719665699728763,1.0933376109358568,0.20669525438040792,0.4038396138081675,0.4286952249814642
160.0,5.706029791609432,0.16258153463506425,0.2854179741692707,0.8942571272715161,5.1026578095703385,0.0017573166412198408,0.1965564746312216,0.22218339392344388,0.008966985483208336,1.002960430298617,1.133725830160304,0.1977336170947679,0.3925327750847697,0.41815969437699196
170.0,5.899496544788517,0.15397935767126308,0.2778008388774926,0.9009468028346884,5.315132550361505,0.0016290666324302009,0.1942692710996454,0.22052935938924717,0.008658705084737562,1.0325669263567288,1.1721427764001582,0.18977112904101223,0.3824113335082274,0.4086714217978292
180.0,6.087905776336453,0.14627323390922856,0.27073409122606207,0.9068754440544657,5.5209722542768676,0.0015167338126161481,0.1921596300948879,0.21894018047679772,0.008373845296577323,1.0609079861459823,1.2087626617587701,0.18264425156555208,0.3732871478478238,0.40006769822973365
190.0,6.271660268392732,0.1393698251923783,0.2641779621229197,0.9121416534134232,5.72064256685902,0.0014176140171745562,0.190204637234765,0.21741331416079274,0.00810966309002478,1.0880927441791748,1.2437438595901238,0.17622315173652567,0.36501017495411614,0.3922188518801438
200.0,6.451111406846038,0.13318551601392029,0.25809555605195045,0.9168299146951989,5.9145719208278775,0.0013295739742362471,0.18838537485394247,0.21594631712937773,0.007863860894681236,1.1142188484057622,1.2772300236996097,0.17040351768241038,0.3574593185621166,0.38502026083755186
210.0,6.626567962112434,0.1276454007486299,0.2524526434384034,0.9210127276583722,6.103153433798753,0.0012509094735353135,0.18668606248878736,0.21453684187432637,0.007634492448778439,1.1393736833208112,1.309351263161635,0.16510063254654272,0.35053578556179477,0.3783865649473338
220.0,6.798303025708291,0.12268237638050544,0.24721746801726394,0.9247524200103743,6.286747174987592,0.00118024358606379,0.18509341374987923,0.2131826329345265,0.0074198930304837565,1.1636354960008626,1.3402253153575512,0.16024501462991822,0.34415818479373367,0.37224740397838096
230.0,6.966559555731501,0.11823632973723106,0.24236056812051443,0.9281026816024173,6.465682605217351,0.0011164523828822498,0.18359614788881806,0.21188152328676113,0.007218626751555224,1.1870744197896432,1.3699586794821665,0.1557791633537348,0.3382588588596706,0.3665442342576137
240.0,7.131554858262627,0.11425340938706532,0.23785461087755527,0.9311098612107742,6.640261054293937,0.0010586098919887807,0.18218461383423137,0.21063143087800895,0.007029446037463412,1.209753395935027,1.3986476872694482,0.1516550987684838,0.33278110271072636,0.36122791975450397
250.0,7.2934842444628565,0.11068537337921963,0.23367423839572496,0.9338140614960032,6.810758144778968,0.0010059467437463483,0.18085049725270286,0.20943035529371537,0.006851259978184324,1.2317289971511725,1.426379498080625,0.14783247893628734,0.32767702944524385,0.3562568874862564
260.0,7.452524041727565,0.10748900492742433,0.22979592505527974,0.9362500630928231,6.977426104268214,0.0009578187072487589,0.17958658975294317,0.2082763745567024,0.006683109251113925,1.2530521593186923,1.4532330127342794,0.14427714377875075,0.3229059148244452,0.35159569962820436
270.0,7.608834093316473,0.10462558895932118,0.22619784511574056,0.9384481044734245,7.140495932125612,0.0009136824746818336,0.17838660519470398,0.20716764205159513,0.006524145993720095,1.2737688287384814,1.4792797053374698,0.1409599775087462,0.31843290022876836,0.3472139370856595
280.0,7.762559848987825,0.10206044319154123,0.22285974988854365,0.9404345403389054,7.3001794034361085,0.000873076825776609,0.17724503211885126,0.20610238356984315,0.006373617461151776,1.2939205328354095,1.5045843755356576,0.13785601172862458,0.3142279670216992,0.3430853184726911
290.0,7.913834125702105,0.09976249805075252,0.21976285378476731,0.9422323978571661,7.456670904504164,0.0008356078334158895,0.17615701417250582,0.20507889447060842,0.006230852619008026,1.3135448822044518,1.5292058255268657,0.13494371221495097,0.31026511855404093,0.33918699885214354
300.0,8.062778599988665,0.0977039203525952,0.2168897285966525,0.9438618470733904,7.610149101929106,0.0008009371380449181,0.17511825244545517,0.20409553695297616,0.006095251041794202,1.3326760115791751,1.5531974672504303,0.13220440724173957,0.30652172254914983,0.3354990070566708
310.0,8.209505080409047,0.09585977618042574,0.21422420541797252,0.9453405992425542,7.760778452198681,0.0007687725762085615,0.1741249251128178,0.20315073743512405,0.005966273644080673,1.3513449668062654,1.5766078656347826,0.1296218259341089,0.30297797847071817,0.3320037907930244
320.0,8.354116598534969,0.09420772888058816,0.21175128365129436,0.9466842446331911,7.908710561661681,0.000738860632033731,0.17317362086266092,0.2022429840362555,0.005843434884161194,1.369580044317722,1.5994812238695086,0.1271817228664423,0.29961648309706945,0.3286858462706641
330.0,8.496708349161386,0.09272776851626921,0.20945704659005862,0.9479065394850931,8.054085408267667,0.0007109803127432727,0.1722612833903924,0.20137082415726804,0.005726296162431176,1.3874070889640209,1.6218578164958868,0.12487157078444122,0.29642187386209035,0.32553141462896595
340.0,8.637368504505506,0.0914019695030264,0.2073285831004036,0.9490196502280486,8.197032437036578,0.0006849381457099983,0.1713851648431404,0.20053286215628446,0.0056144601977485414,1.4048497554460828,1.6437743757868486,0.12268030752862338,0.2933805342260538,0.32252823153919785
350.0,8.776178922473827,0.09021427349042105,0.20535391496198802,0.9500343617439505,8.337671541163134,0.0006605640655946844,0.17054278655205474,0.1997277571153285,0.005507566210823818,1.4219297379857256,1.6652644364808171,0.12059812637696592,0.290480348863426,0.31966531942669973
360.0,8.913215765398949,0.08915029485997358,0.20352192945891243,0.9509602553440115,8.476113940200053,0.0006377080129615091,0.16973190573741526,0.19895422069456975,0.005405285778440324,1.4386669723176269,1.6863586434908804,0.11861630139373879,0.2877104991181925,0.316932814075347
370.0,9.048550042725138,0.08819714648359271,0.20182231684138568,0.9518058612038897,8.612462966062493,0.0006162371054484705,0.16895048713841182,0.19821101507070502,0.0053073192489884995,1.4550798135777894,1.7070850267621016,0.11672704117398394,0.2850612912069473,0.3143218191392405
380.0,9.182248088784302,0.08734328363202826,0.20024551230619345,0.9525787892238128,8.74681476676682,0.000596033272627751,0.1681966787265484,0.19749695095617717,0.005213392630504766,1.471185193206508,1.727469247014913,0.11492336575478582,0.28252401120870646,0.31182428343833524
390.0,9.314371984922705,0.08657836414273518,0.19878264216945554,0.9532858416337716,8.879258936937065,0.0005769912686433133,0.16746879082346372,0.19681088569606117,0.005123254878635795,1.486998757577284,1.7475348157032504,0.11319900253132577,0.2800908020861462,0.30943289695874365
400.0,9.444979933714945,0.08589312315347286,0.19742547392875237,0.9539331101245606,9.009879083232764,0.0005590169943749475,0.1667652780713369,0.19615172143957244,0.005036675524790487,1.5025349907044339,1.7673032921385035,0.11154829784510062,0.2777545589220626,0.3071410022902981
