Lambda,absorbed_boundary_residual_bound,compact_tail
1.0,1.1457749312549472,0.14577493125494717
2.5063291139240507,0.5386240633613645,0.13963416437146545
4.012658227848101,0.38296343367154884,0.13375207720467186
5.518987341772152,0.30931043342567843,0.12811777287521972
7.025316455696203,0.26506315587699036,0.12272081353464803
8.531645569620252,0.23476188352129385,0.11755120102871225
10.037974683544304,0.21222104816089588,0.11259935837527166
11.544303797468356,0.19447891903996434,0.10785611202242047
13.050632911392405,0.17993731112945588,0.10331267485399515
14.556962025316455,0.1676562820848872,0.09896062991097414
16.063291139240505,0.15704565790342062,0.0947919147986137
17.569620253164558,0.14771523326340108,0.09079880675043278
19.075949367088608,0.13939593884559764,0.08697390832137734
20.582278481012658,0.13189561953851836,0.08331013368365982
22.08860759493671,0.12507290180361133,0.07980069549988641
23.59493670886076,0.11882106659808049,0.07643909234915346
25.10126582278481,0.11305772502371697,0.07321909668281934
26.60759493670886,0.10771799733140736,0.07013474328763951
28.11392405063291,0.10274988149468445,0.06718031823489155
29.620253164556964,0.09811103205570207,0.06435034829501832
31.126582278481013,0.09376647164405146,0.06163959079817915
32.63291139240506,0.08968693392968294,0.059043023921924995
34.139240506329116,0.08584764309805348,0.05655583738800528
35.64556962025316,0.0822274008237989,0.054173423551071624
37.151898734177216,0.07880789356464357,0.05189136886276964
38.65822784810127,0.07557316016822853,0.049705445695406004
40.164556962025316,0.07250917778454677,0.04761160451004315
41.67088607594937,0.06960353622085566,0.045605966354513014
43.17721518987342,0.0668451792072086,0.04368481567745194
44.68354430379747,0.06422419684447736,0.04184459344504394
46.18987341772152,0.061731657607189794,0.04008189054772145
47.69620253164557,0.0593594712085999,0.03839344148460839
49.20253164556962,0.057100275761909396,0.03677611831400613
50.708860759493675,0.054947344229658746,0.03522692485871516
52.21518987341772,0.05289450630697258,0.033742991155457425
53.721518987341774,0.05093608274697622,0.03232156813811665
55.22784810126582,0.04906682978767016,0.03096002254494726
56.734177215189874,0.0472818918350513,0.029655832040316805
58.24050632911393,0.045576760937511285,0.028406580541945104
59.74683544303797,0.04394724188057654,0.027209953744983317
61.25316455696203,0.0423894219600802,0.02606373483464106
62.75949367088608,0.04089964467147238,0.024965800379419135
64.26582278481013,0.03947448669475948,0.023914116397339747
65.77215189873418,0.03811073766717841,0.022906734587886644
67.27848101265823,0.03680538232568516,0.02194178872267481
68.78481012658229,0.03555558467362505,0.021017491188163148
70.29113924050633,0.03435867388434203,0.020132129674005274
71.79746835443038,0.03321213170189081,0.0192840640009035
73.30379746835443,0.032113581137693026,0.0184717230820895
74.81012658227849,0.031060776293682358,0.017693602012802494
76.31645569620254,0.03005159316858969,0.01694825928237307
77.82278481012658,0.029084021325608857,0.01623431410374809
79.32911392405063,0.028156156317612223,0.015550443855509143
80.83544303797468,0.027266192781035356,0.014895381631646065
82.34177215189874,0.026412418122063464,0.01426791389454617
83.84810126582279,0.025593206729266713,0.013666878226851255
85.35443037974684,0.024807014655698165,0.013091161178017606
86.86075949367088,0.02405237472097179,0.012539696201589684
88.36708860759494,0.023327891990209747,0.012011461679366028
89.87341772151899,0.02263223959217752,0.01150547902879724
91.37974683544304,0.021964154843565908,0.01102081089010975
92.8860759493671,0.021322435650358438,0.010556559389796978
94.39240506329114,0.02070593716064563,0.01011186447726089
95.89873417721519,0.02011356864620046,0.009685902331522531
97.40506329113924,0.019544290592684678,0.009277883835049851
98.9113924050633,0.01899711198057269,0.008887053111875482
100.41772151898735,0.018471087740809494,0.008512686127296325
101.92405063291139,0.017965316370902523,0.008154089346560743
103.43037974683544,0.01747893769862051,0.007810598450058522
104.9367088607595,0.01701113078176498,0.007481577102633495
106.44303797468355,0.016561111933616195,0.007166415774738802
107.9493670886076,0.0161281328646581,0.006864530613250971
109.45569620253164,0.015711478932072552,0.006575362359850973
110.9620253164557,0.015310467489278255,0.006298375314968421
112.46835443037975,0.014924446328487245,0.0060330563453696315
113.9746835443038,0.014552792209872649,0.005778913933551014
115.48101265822785,0.014194909471495511,0.005535477267176757
116.98734177215191,0.013850228714634136,0.005302295366873912
118.49367088607595,0.013518205559603674,0.005078936250769148
120.0,0.013198319467552662,0.004864986134219328
