num_atoms,target_dim,epsilon_operator_norm,c_N_visibility_lower_bound,mean_normalized_residual,dictionary_rank
4,12,1.000000000000002,0.0,0.9818163081558007,4
6,12,1.0000000000000022,0.0,0.9696709479754192,6
8,12,1.0000000000000009,0.0,0.9354307904585561,8
12,12,1.0,0.0,0.8887741811418417,12
16,12,0.9999999999999978,4.440892098500626e-15,0.840018890219785,16
24,12,0.9997661119305412,0.00046772143528850396,0.7361536060382247,24
32,12,0.9807588517002205,0.0381120748116649,0.6233243936980373,32
48,12,0.8937591985361725,0.20119449503197862,0.4648092187508796,41
64,12,0.8845978508067197,0.21748664234813242,0.4565912009149517,42
80,12,0.8851791207305006,0.21645792422277776,0.45669892423396297,42
96,12,0.8854326766320876,0.21600897515213702,0.4569377477284257,42
