j,xi_via_Bell_log_series,xi_direct_Leibniz_prefactor_zeta,relative_error,arg_ratio_via_next_over_current,arg_ratio_direct_next_over_current
1,-6.484515772014554628278219898296354e-85+0.001382719089216252828457933293011035j,-2.890083456282780588668758195448422e-84+0.001382719089216252828457933293011035j,6.17312460690088874e-81,1.570796326794896619231321691639751,1.570796326794896619231321691639751
2,-0.001602932528344217239090445011868368+4.918893723541075100021009965847628e-84j,-0.001602932528344217239090445011868368+2.320256962411595539983188507265278e-84j,5.38782877565565069e-81,1.570796326794896619231321691639751,1.570796326794896619231321691639751
3,-7.748105727520325858903516380397991e-85-0.001112904510701215435355537514092728j,1.029404216077777018402656942078265e-84-0.001112904510701215435355537514092728j,4.03982727632306726e-81,1.570796326794896619231321691639751,1.570796326794896619231321691639751
4,0.0004747847999968774715351764412399939+2.124156242969736209861195443967548e-84j,0.0004747847999968774715351764412399939+2.893866266991686777197368076009547e-84j,1.95030158603796901e-81,1.570796326794896619231321691639751,1.570796326794896619231321691639751
5,-6.641311296958804607444170776992991e-85+0.00005020578516873655702481371334991258j,-7.45523575512434097369141160814041e-85+0.00005020578516873655702481371334991258j,4.2934396903572051e-79,-1.570796326794896619231321691639751,-1.570796326794896619231321691639751
10,-0.000009170859751639827342305922466894361+1.334204435843376925688728280119538e-82j,-0.000009170859751639827342305922466894361+1.334055760007929306987153739937661e-82j,6.75700234057827535e-75,-1.570796326794896619231321691639751,-1.570796326794896619231321691639751
15,-3.293124048431049356463728964323546e-83-0.000001053406699211713767645986032279494j,-3.292953272598343578101859203161144e-83-0.000001053406699211713767645986032279494j,2.7880951518667995e-71,-1.570796326794896619231321691639751,-1.570796326794896619231321691639751
25,5.565499825933599402375704215820095e-79-0.0000001041879835820701212182883980502508j,5.565499827622670647838516033430036e-79-0.0000001041879835820701212182883980502508j,1.0859018775313714e-56,1.570796326794896619231321691639751,1.570796326794896619231321691639751
30,0.00000009598511863220051207607908236194242+1.345532471711787587032664204247045e-78j,0.00000009598511863220051207607908236194242+1.34553247186739641858882759477389e-78j,8.13469025991436961e-51,1.570796326794896619231321691639751,1.570796326794896619231321691639751
