kappa,below_1_2,below_BPRZ_51_101,margin_to_BPRZ
0.10000,1,1,0.40495
0.10877,1,1,0.39618
0.11754,1,1,0.38741
0.12632,1,1,0.37863
0.13509,1,1,0.36986
0.14386,1,1,0.36109
0.15263,1,1,0.35232
0.16140,1,1,0.34355
0.17018,1,1,0.33478
0.17895,1,1,0.32600
0.18772,1,1,0.31723
0.19649,1,1,0.30846
0.20526,1,1,0.29969
0.21404,1,1,0.29092
0.22281,1,1,0.28214
0.23158,1,1,0.27337
0.24035,1,1,0.26460
0.24912,1,1,0.25583
0.25789,1,1,0.24706
0.26667,1,1,0.23828
0.27544,1,1,0.22951
0.28421,1,1,0.22074
0.29298,1,1,0.21197
0.30175,1,1,0.20320
0.31053,1,1,0.19442
0.31930,1,1,0.18565
0.32807,1,1,0.17688
0.33684,1,1,0.16811
0.34561,1,1,0.15934
0.35439,1,1,0.15056
0.36316,1,1,0.14179
0.37193,1,1,0.13302
0.38070,1,1,0.12425
0.38947,1,1,0.11548
0.39825,1,1,0.10670
0.40702,1,1,0.09793
0.41579,1,1,0.08916
0.42456,1,1,0.08039
0.43333,1,1,0.07162
0.44211,1,1,0.06285
0.45088,1,1,0.05407
0.45965,1,1,0.04530
0.46842,1,1,0.03653
0.47719,1,1,0.02776
0.48596,1,1,0.01899
0.49474,1,1,0.01021
0.50351,0,1,0.00144
0.51228,0,0,-0.00733
0.52105,0,0,-0.01610
0.52982,0,0,-0.02487
0.53860,0,0,-0.03365
0.54737,0,0,-0.04242
0.55614,0,0,-0.05119
0.56491,0,0,-0.05996
0.57368,0,0,-0.06873
0.58246,0,0,-0.07751
0.59123,0,0,-0.08628
0.60000,0,0,-0.09505
0.60877,0,0,-0.10382
0.61754,0,0,-0.11259
0.62632,0,0,-0.12137
0.63509,0,0,-0.13014
0.64386,0,0,-0.13891
0.65263,0,0,-0.14768
0.66140,0,0,-0.15645
0.67018,0,0,-0.16522
0.67895,0,0,-0.17400
0.68772,0,0,-0.18277
0.69649,0,0,-0.19154
0.70526,0,0,-0.20031
0.71404,0,0,-0.20908
0.72281,0,0,-0.21786
0.73158,0,0,-0.22663
0.74035,0,0,-0.23540
0.74912,0,0,-0.24417
0.75789,0,0,-0.25294
0.76667,0,0,-0.26172
0.77544,0,0,-0.27049
0.78421,0,0,-0.27926
0.79298,0,0,-0.28803
