quantity,value,notes
alpha_threshold_smin_lt_1,0.8220652646476983,"alpha=1/Delta_bar using Delta_bar=1.216448443708."
single_gap_Wigner_GUE_CDF_F_alpha,0.36770014759425795,"Integral_0^alpha (32/pi^2)s^2 exp(-4s^2/pi) ds."
two_sided_smin_prediction_1_minus_1_minus_F_squared,0.6001968966476768,"Prediction for min(left_gap,right_gap)<alpha under local two-gap independence approximation."
empirical_smin_close_pair_fraction,0.6059850374064838,"Step395 exact 243/401."
abs_diff_two_sided_vs_empirical,0.005788140758806974,"Empirical minus two-sided prediction in absolute probability."
rel_diff_two_sided_vs_empirical,0.009551623227496282,"Relative to empirical close-pair fraction."
empirical_foreclosure_fail_fraction_within_close_pairs,0.15637860082304527,"38/243 exact close-pair failure rate."
prompt_subrate_ratio,0.257,"Prompt-requested 25.7% sub-rate."
alpha_fail_single_gap_for_prompt_0_257,0.46899201851984646,"Solves F(alpha_fail)/F(0.822)=0.257."
alpha_fail_smin_two_sided_for_prompt_0_257,0.4415868628920949,"Solves F_min(alpha_fail)/F_min(0.822)=0.257."
alpha_fail_smin_two_sided_for_exact_38_over_243,0.3665562611261456,"Solves F_min(alpha_fail)/F_min(0.822)=38/243."
