stage,Lambda_n,boundary_collapsing_budget,compact_tail_operator_norm,full_source_total_residual_model,partial_source_residual_model
1,0.5362944268017332,1.8646473840193338,0.19245008972987526,2.057097473749209,1.6426950408889633
2,1.17337159167134,0.8522449385156913,0.08944271909999159,0.9416876576156828,1.1102392266268373
3,1.742425733288806,0.573912552423404,0.053994924715603895,0.6279074771390079,0.9213475204444816
4,2.2456712899279627,0.44530114647014,0.037037037037037035,0.48233818350717705,0.8213349345596119
5,2.6951038483537446,0.3710432162422357,0.027410122234342145,0.3984533384765778,0.7581106265512472
6,3.101049733817425,0.32247144865006383,0.021334622931739582,0.34380607158180343,0.7138983423697507
7,3.4714380291950477,0.28806505879981925,0.01721325931647741,0.3052783181162967,0.6808983469629879
8,3.8122955486055052,0.2623091487137687,0.01426680147272547,0.27657595018649417,0.6551196133134187
9,4.128256475415228,0.24223301191562183,0.012074512308976935,0.25430752422459874,0.6342944819032518
10,4.422943174032941,0.22609379335257818,0.010391328106475828,0.236485121459054,0.6170323914242464
11,4.699234667342595,0.21280060920334873,0.009065844089438033,0.22186645329278676,0.6024296043818447
12,4.95945496728919,0.2016350600208382,0.008,0.2096350600208382,0.5898712452512801
13,5.205506607027025,0.19210426102429273,0.007127781101106491,0.19923204212539922,0.5789231816899512
14,5.438966809020115,0.18385844869315543,0.006403287523346616,0.19026173621650205,0.5692693730688551
15,5.661157909346414,0.1766423081661488,0.005793719420218546,0.18243602758636734,0.5606737602222409
16,5.873199776879964,0.17026493870283987,0.005275080483505995,0.17554001918634587,0.5529561238647611
17,6.076049434107665,0.1645806227952227,0.004829452884162952,0.16941007567938565,0.5459762562611936
18,6.270531433503177,0.15947611627573435,0.004443215873117765,0.16391933214885213,0.5396232718951086
19,6.457361453451007,0.15486201402982794,0.004105850097566336,0.15896786412739428,0.5338082006953341
20,6.637164848987274,0.1506667414103153,0.0038091161436245385,0.15447585755393983,0.528458738753051
21,6.810491398001461,0.14683228295295256,0.0035464783798280154,0.15037876133278058,0.5235154531486725
22,6.97782714268213,0.14331108804389514,0.0033126932999996885,0.14662378134389484,0.518928988903801
23,7.13960398759562,0.1400637908961624,0.003103510457402012,0.1431673013535644,0.5146579804441249
24,7.296207546689545,0.1370575046831998,0.0029154518950437317,0.13997295657824352,0.5106674672798059
25,7.447983609958995,0.134264527470611,0.002745647223584333,0.13701017469419532,0.5069276764301349
26,7.595243512032427,0.13166134810764057,0.0025917087537488497,0.1342530568613894,0.5034130755422792
27,7.738268619765259,0.12922787371916472,0.002451635863502699,0.13167950958266741,0.5001016285004132
28,7.877314107397373,0.12694682303717292,0.0023237409773070945,0.12927056401448,0.4969742043733701
29,8.012612151313371,0.124803245323198,0.0022065917115393877,0.1270098370347374,0.49401410379520605
30,8.144374648699344,0.12278413544736672,0.0020989652448015735,0.12488310069216829,0.49120667621996245
31,8.272795543117173,0.12087812333667344,0.001999812026503848,0.12287793536317729,0.48853900817779267
32,8.398052823567115,0.11907522148393025,0.0019082266859878222,0.12098344816991807,0.48599966750267437
33,8.520310250785714,0.11736661818245214,0.0018234245426314213,0.11919004272508356,0.4835784920513334
34,8.639718854453305,0.11574450706628658,0.0017447225084894085,0.11748922957477599,0.48126641406272835
35,8.756418237016966,0.11420194569653953,0.001671523462244864,0.1158734691587844,0.4790553132756236
36,8.870537713488101,0.11273273755202567,0.001603303386248364,0.11433604093827404,0.4769378934088574
37,8.982197311486859,0.11133133300480415,0.001539600717839002,0.11287093372264315,0.4749075777424936
38,9.091508651703288,0.10999274579281743,0.0014800074864888045,0.11147275327930622,0.4729584204093974
39,9.198575725618142,0.10871248221776207,0.0014241618999063595,0.11013664411766844,0.4710850306818168
40,9.303495584613216,0.1074864808506892,0.0013717421124828531,0.10885822296317205,0.46928250806439104
41,9.406358952377325,0.10631106096023096,0.001322460963731209,0.10763352192396217,0.467546386419054
42,9.507250770682303,0.10518287821793024,0.0012760615165803304,0.10645893973451057,0.465872585674852
43,9.606250687087579,0.10409888650357299,0.001232313258434247,0.10533119976200724,0.46425736993644545
44,9.70343349187173,0.10305630484690491,0.0011910088539397303,0.10424731370084464,0.4626973110138631
45,9.798869510437562,0.10205258871289384,0.001151961359035075,0.10320455007192891,0.4611892565642242
46,9.89262495655551,0.10108540497508031,0.00111500182229078,0.1022004067973711,0.45973030217227157
47,9.984762251068192,0.10015261003265429,0.0010799772127212148,0.1012325872453755,0.4583177668073288
48,10.07534031005228,0.09925223061719204,0.0010467486238490919,0.10029897924104114,0.4569491711848754
49,10.16441480590275,0.09838244690872641,0.0010151897123830426,0.09939763662110945,0.4556222186353315
50,10.252038404352646,0.0975415776413241,0.0009851853368415735,0.09852676297816566,0.4543347781440423
51,10.338260980056164,0.09672806692819312,0.0009566303671497992,0.09768469729534292,0.4530848692773169
52,10.423129813032663,0.09594047257759758,0.0009294286409033648,0.09686990121850095,0.4518706487516997
53,10.50668976798601,0.09517745570512703,0.0009034920458370688,0.0960809477509641,0.4506903984389969
54,10.58898345826957,0.09443777147645274,0.0008787397112120654,0.0953165111876648,0.44954251462921185
55,10.670051396056463,0.09372026083863001,0.0008550972934707199,0.09457535813210073,0.4484254983984691
56,10.7499321300923,0.09302384311810663,0.0008324963437022986,0.09385633946180894,0.4473379469500514
57,10.828662372249187,0.09234750938054163,0.0008108737462959251,0.09315838312683757,0.44627854581449444
58,10.906277113961927,0.09169031646186823,0.0007901712196940586,0.09248048768156229,0.4452460618098304
59,10.982809733507104,0.09105138159219238,0.0007703348714522785,0.09182171646364466,0.4442393366759723
60,11.058292094980613,0.090429877544463,0.0007513148009015778,0.09118119234536458,0.44325728130826464
61,11.13275463973688,0.08982502824868102,0.0007330647436320588,0.09055809299231309,0.4422988705246811
62,11.206226470972217,0.08923610481997007,0.0007155417527999327,0.08995164657277001,0.4413631383092751
63,11.27873543206338,0.08866242195531807,0.0006987059129260738,0.08936112786824414,0.4404491734814939
64,11.35030817920956,0.0881033346593802,0.0006825200824229641,0.08878585474180316,0.4395561157470186
65,11.420970248870484,0.08755823526454755,0.0006669496615733114,0.08822518492612086,0.4386831520910304
66,11.490746120444125,0.08702655071465014,0.0006519623831008421,0.08767851309775099,0.43782951347935783
67,11.559659274583819,0.08650774008527193,0.0006375281228324966,0.08714526820810442,0.43699447183691387
68,11.627732247515826,0.08600129231679222,0.0006236187282604095,0.08662491104505263,0.43617733727628993
69,11.6949866816839,0.08550672413899792,0.0006102078630791158,0.08611693200207703,0.4353774555523868
70,11.761443373016485,0.08502357816849546,0.0005972708660046234,0.08562084903450008,0.43459420572161056
71,11.827122315084795,0.0845514211622348,0.000584784622382581,0.08513620578461738,0.4338269979864766
72,11.89204274039529,0.08408984241228519,0.0005727274472671722,0.08466256985955237,0.43307527170850924
73,11.956223159038132,0.08363845226860496,0.0005610789788043011,0.08419953124740925,0.43233849357411736
74,12.019681394893222,0.08319688077796039,0.000549820080885262,0.08374670085884565,0.4316161558997168
75,12.082434619577878,0.0827647764283898,0.0005389327541530858,0.08330370918254287,0.43090777506376876
76,12.144499384303861,0.08234180498970986,0.0005284000545453878,0.08287020504425525,0.43021289005465124
77,12.205891649797367,0.08192764844152957,0.0005182060186467735,0.08244585446017634,0.42953106112437667
78,12.266626814422313,0.08152200398109968,0.0005083355952023071,0.08203033957630199,0.42886186853915487
79,12.326719740635568,0.08112458310408863,0.0004987745822126692,0.0816233576863013,0.4282049114186687
80,12.386184779892124,0.0807351107520543,0.0004895095690926091,0.08122462032114691,0.42755980665670934
81,12.445035796108497,0.08035332452098652,0.0004805278834281947,0.08083385240441472,0.4269261879165124
82,12.503286187783957,0.07997897392583292,0.0004718175419160745,0.080450791467749,0.4263037046947566
83,12.56094890887112,0.07961181971640327,0.0004633672051102616,0.08007518692151354,0.42569202144874396
84,12.618036488480334,0.07925163324047703,0.0004551661356395084,0.07970679937611654,0.4250908167817785
85,12.674561049495502,0.07889819585032525,0.0004472041595917384,0.07934540000991698,0.42449978268220956
86,12.730534326173283,0.07855129834920241,0.0004394716307917373,0.07899076997999414,0.4239186238120062
87,12.785967680791739,0.07821074047467619,0.0004319593977248311,0.07864269987240102,0.42334705684109697
88,12.840872119409863,0.07787633041594046,0.00042465877288295415,0.07830098918882342,0.4227848098240302
89,12.895258306794624,0.07754788436250953,0.00041756150433069043,0.07796544586684022,0.4222316216158104
90,12.94913658056798,0.07722522608191824,0.00041065974930782674,0.07763588583122608,0.42168724132403096
91,13.002516964622641,0.07690818652425592,0.0004039460497019524,0.07731213257395787,0.42115142779466463
92,13.055409181851598,0.0765966034515491,0.0003974133092398961,0.076994016760789,0.42062394912909373
93,13.107822666233453,0.07629032109017318,0.0003910547722604977,0.07668137586243368,0.4201045822301589
94,13.159766574312423,0.07598918980462603,0.0003848640039435492,0.07637405380856958,0.41959311237518593
95,13.211249796109229,0.07569306579113388,0.0003788348718808491,0.07607190066301474,0.41908933281411487
96,13.262280965496632,0.07540181078968364,0.00037296152888533396,0.07577477231856897,0.4185930443910033
97,13.31286847007096,0.07511529181319027,0.0003672383969432989,0.07548253021013357,0.41810405518731264
98,13.363020460548862,0.07483338089261048,0.0003616601522228916,0.07519504104483336,0.41762218018550923
99,13.412744859716662,0.07455595483690759,0.00035622171105946526,0.07491217654796706,0.4171472409516259
100,13.462049370957642,0.0742828950068591,0.0003509182168450738,0.07463381322370417,0.4166790653355317
101,13.510941486381167,0.07401408710177491,0.00034574502775546617,0.07435983212953039,0.41621748718775353
102,13.559428494575823,0.07374942095826752,0.00034069770525345275,0.07409011866352097,0.4157623460917783
103,13.607517488007298,0.0734887903602791,0.00033577200331251977,0.07382456236359161,0.41531348711084465
104,13.65521537008062,0.07323209285963067,0.00033096385830912666,0.07356305671793979,0.4148707605483044
105,13.702528861884781,0.07297922960641369,0.0003262693795362627,0.07330549898594996,0.4144340217207025
106,13.749464508636958,0.07273010518859357,0.0003216848402946158,0.07305179002888819,0.41400313074278355
107,13.796028685842275,0.07248462748024129,0.00031720666952115043,0.07280183414976243,0.41357795232369066
108,13.842227605184103,0.07224270749785146,0.00031283144391803256,0.07255553894176948,0.41315835557367353
109,13.888067320159086,0.07200425926424334,0.00030855588054771045,0.07231281514479104,0.4127442138206694
110,13.933553731469983,0.07176919967957812,0.0003043768298625848,0.07207357650944071,0.41233540443616756
111,13.978692592188933,0.07153744839905728,0.00030029126914010094,0.07183773966819738,0.4119318086698044
112,14.023489512702701,0.07130892771689842,0.0002962962962962963,0.07160522401319472,0.41153331149217687
113,14.067949965450996,0.0710835624562119,0.0002923891240528511,0.07137595158026476,0.41113980144539464
114,14.112079289468209,0.07086127986442764,0.00028856707443453703,0.07114984693886217,0.4107511705009249
115,14.1558826947383,0.07064200951394553,0.0002848275735756576,0.07092683708752119,0.4103673139243114
116,14.19936526637207,0.07042568320770436,0.00028116814681563017,0.07070685135451998,0.4099881301463779
117,14.242531968615435,0.07021223488938487,0.00027758641406529455,0.07048982130345016,0.40961352064055245
118,14.285387648696961,0.07000160055798099,0.0002740800854268485,0.07027568064340783,0.40924338980596897
119,14.327937040522297,0.06979371818649106,0.0002706469570515276,0.07006436514354258,0.4088776448560291
120,14.370184768222842,0.06958852764449666,0.0,0.06958852764449666,0.40851619571212316
