trial,T_norm,min_eig_K_minus_A
0,0.9532015828107188,0.9207696428386165
1,0.9494768738491931,0.20292657650178175
2,0.9516232984324525,0.527204267284952
3,0.9498292908306623,0.23516379002172416
4,0.9468694017224544,1.5038374287758038
5,0.9559090665145781,1.2173354112157273
6,0.9514924179477785,1.7545622426348821
7,0.9588562172827684,0.2730011076025821
8,0.9347315407060719,0.33800166601689224
9,0.9522044323477843,0.22702436415262867
10,0.9483906180451132,0.6209454245969062
11,0.9515405588393113,1.7166022816733966
12,0.9529500414541906,0.1993918192733358
13,0.9376326869116355,0.3495476310554243
14,0.9488657514602997,0.41901705368697667
15,0.9495793245119194,0.2604800059114958
16,0.9583430366261787,0.2604796698127394
17,0.9575615608532545,0.31175482184567904
18,0.9585537785881754,0.7576553243565783
19,0.9612265622635369,0.2430020675113608
20,0.9621681318884147,0.5253471541983222
21,0.9570145101105908,0.02743786040105245
22,0.9527960077996531,0.442349005345007
23,0.9566625857893073,0.2566063571950485
24,0.9542441713538303,0.7964853929426037
25,0.9561373418412881,0.21111411683066064
26,0.9635747314179758,0.2760884931836247
27,0.9543518207590668,0.5249651010851184
28,0.9561674307637574,1.066185786552148
29,0.9513178800038187,0.38087607503335347
30,0.9431564880351129,1.2070817674304952
31,0.9489092818284788,0.09611448460873839
32,0.9388959917207854,1.439290903510038
33,0.9556075068796526,0.10221063355246127
34,0.9445812912606855,0.4075681421720005
35,0.9540530853204618,0.7599431610674527
36,0.9567991719569883,0.3842871763364464
37,0.9569574673810805,1.157032887416349
38,0.9538418719342279,1.3132189684888702
39,0.9474462106330378,1.0542076225654902
40,0.9515120047190444,0.32302971413271
41,0.9487470268408655,0.7445218082897799
42,0.9387123668296015,1.5913006334086155
43,0.9479874537876577,0.2692785952300805
44,0.9467933945986403,0.6929450844017822
45,0.9656975678969767,1.4835894574804904
46,0.95218639548748,0.5211902109609232
47,0.955256080698001,0.6465558926857192
48,0.9627338985271606,1.0866032600908013
49,0.9451046713242872,0.6244972796081868
