case,index,eigenvalue
full_characters_q101_no_collisions,1,0.12494241726065508
full_characters_q101_no_collisions,2,0.12728982225072644
full_characters_q101_no_collisions,3,0.13283419921509668
full_characters_q101_no_collisions,4,0.16454529398982873
full_characters_q101_no_collisions,5,0.1806238933762961
full_characters_q101_no_collisions,6,0.19811489408665456
full_characters_q101_no_collisions,7,0.211958535981394
full_characters_q101_no_collisions,8,0.22443022268239457
full_characters_q101_no_collisions,9,0.23182513780898098
full_characters_q101_no_collisions,10,0.24721185526719644
full_characters_q101_no_collisions,11,0.2653265989215682
full_characters_q101_no_collisions,12,0.36282170544188835
full_characters_q101_no_collisions,13,0.4068140892104291
full_characters_q101_no_collisions,14,0.5920335909523422
full_characters_q101_no_collisions,15,3.3225387490520593
full_characters_q101_no_collisions,16,263.4607731293183
full_characters_q17_collisions,1,0.0010827756514589666
full_characters_q17_collisions,2,0.002515894670948113
full_characters_q17_collisions,3,0.0137812082605869
full_characters_q17_collisions,4,0.028041950321821243
full_characters_q17_collisions,5,0.05895296055353813
full_characters_q17_collisions,6,0.07782996993146184
full_characters_q17_collisions,7,0.10205766661994904
full_characters_q17_collisions,8,0.14598776390727264
full_characters_q17_collisions,9,0.21373298045078296
full_characters_q17_collisions,10,0.2477115180146381
full_characters_q17_collisions,11,0.38064538679071946
full_characters_q17_collisions,12,0.4628258687946604
full_characters_q17_collisions,13,0.48956445723364395
full_characters_q17_collisions,14,0.6670782356849766
full_characters_q17_collisions,15,3.1630452908909765
full_characters_q17_collisions,16,195.8272743978317
partial_characters_q101,1,0.012040127896543707
partial_characters_q101,2,0.020274160196784977
partial_characters_q101,3,0.03657122721901628
partial_characters_q101,4,0.052741182006865193
partial_characters_q101,5,0.08765235667302822
partial_characters_q101,6,0.10735921318364178
partial_characters_q101,7,0.14906112934975216
partial_characters_q101,8,0.18603891137736736
partial_characters_q101,9,0.2755006375931754
partial_characters_q101,10,0.3176149547240686
partial_characters_q101,11,0.33797630870671863
partial_characters_q101,12,0.4363300391317836
partial_characters_q101,13,0.49403901390517063
partial_characters_q101,14,0.7602473157573033
partial_characters_q101,15,3.3835802632501926
partial_characters_q101,16,289.7113493957736
