parameter,G_star,G_prime,difference_G_prime_minus_G_star,ratio_G_prime_over_G_star,within_50pct
b0,-2.40962999219053693,-2.674957174630452,-0.26532718243991507,1.11011117196408752,NA
a_chi_3,-5.41312524272962694,5.195344102167512,10.6084693448971389,-0.959767947203028976,False
a_chi_4,3.82772738362156019,-3.6212041547520397,-7.44893153837359989,-0.946045470805154124,False
a_chi_5a,19.1544475868387249,-15.766827871774547,-34.9212754586132719,-0.823141873462753561,False
a_chi_5b,-0.387074251229754863,-0.6011770284663822,-0.214102777236627337,1.55313102474889965,False
a_chi_7b,-19.5463884635141582,24.977018226779553,44.5234066902937112,-1.27783289856345391,False
a_chi_11c,4.8210660971445641,-11.307889133711614,-16.1289552308561781,-2.34551630404094345,False
a_chi_13a,-1.41592783260879148,1.8921328316868895,3.30806066429568098,-1.33632010623077378,False
sum_a,1.04072527752251771,0.7673969719293716,-0.273328305593146107,0.737367476800588977,True
