model,index,singular_value,idempotence_error,A_selfadjoint_error,A_min_eig,A_max_eig
finite_rank,1,0.39999999999999997,0.0,0.0,0.5999999999999998,1.3999999999999997
finite_rank,2,0.35000000000000014,0.0,0.0,0.5999999999999998,1.3999999999999997
finite_rank,3,0.29999999999999993,0.0,0.0,0.5999999999999998,1.3999999999999997
finite_rank,4,0.2500000000000001,0.0,0.0,0.5999999999999998,1.3999999999999997
finite_rank,5,0.2,0.0,0.0,0.5999999999999998,1.3999999999999997
finite_rank,6,4.6404662751549486e-17,0.0,0.0,0.5999999999999998,1.3999999999999997
finite_rank,7,3.999259498568834e-17,0.0,0.0,0.5999999999999998,1.3999999999999997
finite_rank,8,3.8404285249170805e-17,0.0,0.0,0.5999999999999998,1.3999999999999997
finite_rank,9,3.4591041251405574e-17,0.0,0.0,0.5999999999999998,1.3999999999999997
finite_rank,10,3.160169360770193e-17,0.0,0.0,0.5999999999999998,1.3999999999999997
finite_rank,11,2.909256438449888e-17,0.0,0.0,0.5999999999999998,1.3999999999999997
finite_rank,12,2.6400714205419655e-17,0.0,0.0,0.5999999999999998,1.3999999999999997
finite_rank,13,2.5572839776945726e-17,0.0,0.0,0.5999999999999998,1.3999999999999997
finite_rank,14,2.3068127212120182e-17,0.0,0.0,0.5999999999999998,1.3999999999999997
finite_rank,15,2.2786768109782228e-17,0.0,0.0,0.5999999999999998,1.3999999999999997
finite_rank,16,1.980499784747658e-17,0.0,0.0,0.5999999999999998,1.3999999999999997
finite_rank,17,1.7557994909371822e-17,0.0,0.0,0.5999999999999998,1.3999999999999997
finite_rank,18,1.5480133236759026e-17,0.0,0.0,0.5999999999999998,1.3999999999999997
finite_rank,19,1.277749574644298e-17,0.0,0.0,0.5999999999999998,1.3999999999999997
finite_rank,20,1.19511321123524e-17,0.0,0.0,0.5999999999999998,1.3999999999999997
finite_rank,21,1.1722954491282469e-17,0.0,0.0,0.5999999999999998,1.3999999999999997
finite_rank,22,1.093699250289102e-17,0.0,0.0,0.5999999999999998,1.3999999999999997
finite_rank,23,9.929284268455594e-18,0.0,0.0,0.5999999999999998,1.3999999999999997
finite_rank,24,8.926246557293347e-18,0.0,0.0,0.5999999999999998,1.3999999999999997
finite_rank,25,8.122153089426102e-18,0.0,0.0,0.5999999999999998,1.3999999999999997
finite_rank,26,7.337621101145789e-18,0.0,0.0,0.5999999999999998,1.3999999999999997
finite_rank,27,6.173450091946377e-18,0.0,0.0,0.5999999999999998,1.3999999999999997
finite_rank,28,4.8409136390533705e-18,0.0,0.0,0.5999999999999998,1.3999999999999997
finite_rank,29,3.932264861286759e-18,0.0,0.0,0.5999999999999998,1.3999999999999997
finite_rank,30,3.4006967937786656e-18,0.0,0.0,0.5999999999999998,1.3999999999999997
finite_rank,31,0.0,0.0,0.0,0.5999999999999998,1.3999999999999997
finite_rank,32,0.0,0.0,0.0,0.5999999999999998,1.3999999999999997
finite_rank,33,0.0,0.0,0.0,0.5999999999999998,1.3999999999999997
finite_rank,34,0.0,0.0,0.0,0.5999999999999998,1.3999999999999997
finite_rank,35,0.0,0.0,0.0,0.5999999999999998,1.3999999999999997
finite_rank,36,0.0,0.0,0.0,0.5999999999999998,1.3999999999999997
finite_rank,37,0.0,0.0,0.0,0.5999999999999998,1.3999999999999997
finite_rank,38,0.0,0.0,0.0,0.5999999999999998,1.3999999999999997
finite_rank,39,0.0,0.0,0.0,0.5999999999999998,1.3999999999999997
finite_rank,40,0.0,0.0,0.0,0.5999999999999998,1.3999999999999997
finite_rank,41,0.0,0.0,0.0,0.5999999999999998,1.3999999999999997
finite_rank,42,0.0,0.0,0.0,0.5999999999999998,1.3999999999999997
finite_rank,43,0.0,0.0,0.0,0.5999999999999998,1.3999999999999997
finite_rank,44,0.0,0.0,0.0,0.5999999999999998,1.3999999999999997
finite_rank,45,0.0,0.0,0.0,0.5999999999999998,1.3999999999999997
finite_rank,46,0.0,0.0,0.0,0.5999999999999998,1.3999999999999997
finite_rank,47,0.0,0.0,0.0,0.5999999999999998,1.3999999999999997
finite_rank,48,0.0,0.0,0.0,0.5999999999999998,1.3999999999999997
finite_rank,49,0.0,0.0,0.0,0.5999999999999998,1.3999999999999997
finite_rank,50,0.0,0.0,0.0,0.5999999999999998,1.3999999999999997
finite_rank,51,0.0,0.0,0.0,0.5999999999999998,1.3999999999999997
finite_rank,52,0.0,0.0,0.0,0.5999999999999998,1.3999999999999997
finite_rank,53,0.0,0.0,0.0,0.5999999999999998,1.3999999999999997
finite_rank,54,0.0,0.0,0.0,0.5999999999999998,1.3999999999999997
finite_rank,55,0.0,0.0,0.0,0.5999999999999998,1.3999999999999997
finite_rank,56,0.0,0.0,0.0,0.5999999999999998,1.3999999999999997
finite_rank,57,0.0,0.0,0.0,0.5999999999999998,1.3999999999999997
finite_rank,58,0.0,0.0,0.0,0.5999999999999998,1.3999999999999997
finite_rank,59,0.0,0.0,0.0,0.5999999999999998,1.3999999999999997
finite_rank,60,0.0,0.0,0.0,0.5999999999999998,1.3999999999999997
finite_rank,61,0.0,0.0,0.0,0.5999999999999998,1.3999999999999997
finite_rank,62,0.0,0.0,0.0,0.5999999999999998,1.3999999999999997
finite_rank,63,0.0,0.0,0.0,0.5999999999999998,1.3999999999999997
finite_rank,64,0.0,0.0,0.0,0.5999999999999998,1.3999999999999997
finite_rank,65,0.0,0.0,0.0,0.5999999999999998,1.3999999999999997
finite_rank,66,0.0,0.0,0.0,0.5999999999999998,1.3999999999999997
finite_rank,67,0.0,0.0,0.0,0.5999999999999998,1.3999999999999997
finite_rank,68,0.0,0.0,0.0,0.5999999999999998,1.3999999999999997
finite_rank,69,0.0,0.0,0.0,0.5999999999999998,1.3999999999999997
finite_rank,70,0.0,0.0,0.0,0.5999999999999998,1.3999999999999997
finite_rank,71,0.0,0.0,0.0,0.5999999999999998,1.3999999999999997
finite_rank,72,0.0,0.0,0.0,0.5999999999999998,1.3999999999999997
finite_rank,73,0.0,0.0,0.0,0.5999999999999998,1.3999999999999997
finite_rank,74,0.0,0.0,0.0,0.5999999999999998,1.3999999999999997
finite_rank,75,0.0,0.0,0.0,0.5999999999999998,1.3999999999999997
finite_rank,76,0.0,0.0,0.0,0.5999999999999998,1.3999999999999997
finite_rank,77,0.0,0.0,0.0,0.5999999999999998,1.3999999999999997
finite_rank,78,0.0,0.0,0.0,0.5999999999999998,1.3999999999999997
finite_rank,79,0.0,0.0,0.0,0.5999999999999998,1.3999999999999997
finite_rank,80,0.0,0.0,0.0,0.5999999999999998,1.3999999999999997
compact,1,0.39999999999999986,0.0,0.0,0.6,1.4
compact,2,0.14142135623730953,0.0,0.0,0.6,1.4
compact,3,0.07698003589195006,0.0,0.0,0.6,1.4
compact,4,0.05000000000000006,0.0,0.0,0.6,1.4
compact,5,0.035777087639996645,0.0,0.0,0.6,1.4
compact,6,0.027216552697590848,0.0,0.0,0.6,1.4
compact,7,0.021597969886241557,0.0,0.0,0.6,1.4
compact,8,0.01767766952966369,0.0,0.0,0.6,1.4
compact,9,0.014814814814814814,0.0,0.0,0.6,1.4
compact,10,0.012649110640673514,0.0,0.0,0.6,1.4
compact,11,0.010964048893736854,0.0,0.0,0.6,1.4
compact,12,0.009622504486493764,0.0,0.0,0.6,1.4
compact,13,0.008533849172695835,0.0,0.0,0.6,1.4
compact,14,0.007636035483212126,0.0,0.0,0.6,1.4
compact,15,0.00688530372659097,0.0,0.0,0.6,1.4
compact,16,0.006249999999999998,0.0,0.0,0.6,1.4
compact,17,0.005706720589090191,0.0,0.0,0.6,1.4
compact,18,0.005237828008789243,0.0,0.0,0.6,1.4
compact,19,0.004829804923590773,0.0,0.0,0.6,1.4
compact,20,0.004472135954999579,0.0,0.0,0.6,1.4
compact,21,0.004156531242590335,0.0,0.0,0.6,1.4
compact,22,0.003876376661011096,0.0,0.0,0.6,1.4
compact,23,0.003626337635775215,0.0,0.0,0.6,1.4
compact,24,0.0034020690871988594,0.0,0.0,0.6,1.4
compact,25,0.0031999999999999967,0.0,0.0,0.6,1.4
compact,26,0.003017171309818217,0.0,0.0,0.6,1.4
compact,27,0.002851112440442596,0.0,0.0,0.6,1.4
compact,28,0.002699746235780193,0.0,0.0,0.6,1.4
compact,29,0.002561315009338644,0.0,0.0,0.6,1.4
compact,30,0.002434322477800736,0.0,0.0,0.6,1.4
compact,31,0.0,0.0,0.0,0.6,1.4
compact,32,0.0,0.0,0.0,0.6,1.4
compact,33,0.0,0.0,0.0,0.6,1.4
compact,34,0.0,0.0,0.0,0.6,1.4
compact,35,0.0,0.0,0.0,0.6,1.4
compact,36,0.0,0.0,0.0,0.6,1.4
compact,37,0.0,0.0,0.0,0.6,1.4
compact,38,0.0,0.0,0.0,0.6,1.4
compact,39,0.0,0.0,0.0,0.6,1.4
compact,40,0.0,0.0,0.0,0.6,1.4
compact,41,0.0,0.0,0.0,0.6,1.4
compact,42,0.0,0.0,0.0,0.6,1.4
compact,43,0.0,0.0,0.0,0.6,1.4
compact,44,0.0,0.0,0.0,0.6,1.4
compact,45,0.0,0.0,0.0,0.6,1.4
compact,46,0.0,0.0,0.0,0.6,1.4
compact,47,0.0,0.0,0.0,0.6,1.4
compact,48,0.0,0.0,0.0,0.6,1.4
compact,49,0.0,0.0,0.0,0.6,1.4
compact,50,0.0,0.0,0.0,0.6,1.4
compact,51,0.0,0.0,0.0,0.6,1.4
compact,52,0.0,0.0,0.0,0.6,1.4
compact,53,0.0,0.0,0.0,0.6,1.4
compact,54,0.0,0.0,0.0,0.6,1.4
compact,55,0.0,0.0,0.0,0.6,1.4
compact,56,0.0,0.0,0.0,0.6,1.4
compact,57,0.0,0.0,0.0,0.6,1.4
compact,58,0.0,0.0,0.0,0.6,1.4
compact,59,0.0,0.0,0.0,0.6,1.4
compact,60,0.0,0.0,0.0,0.6,1.4
compact,61,0.0,0.0,0.0,0.6,1.4
compact,62,0.0,0.0,0.0,0.6,1.4
compact,63,0.0,0.0,0.0,0.6,1.4
compact,64,0.0,0.0,0.0,0.6,1.4
compact,65,0.0,0.0,0.0,0.6,1.4
compact,66,0.0,0.0,0.0,0.6,1.4
compact,67,0.0,0.0,0.0,0.6,1.4
compact,68,0.0,0.0,0.0,0.6,1.4
compact,69,0.0,0.0,0.0,0.6,1.4
compact,70,0.0,0.0,0.0,0.6,1.4
compact,71,0.0,0.0,0.0,0.6,1.4
compact,72,0.0,0.0,0.0,0.6,1.4
compact,73,0.0,0.0,0.0,0.6,1.4
compact,74,0.0,0.0,0.0,0.6,1.4
compact,75,0.0,0.0,0.0,0.6,1.4
compact,76,0.0,0.0,0.0,0.6,1.4
compact,77,0.0,0.0,0.0,0.6,1.4
compact,78,0.0,0.0,0.0,0.6,1.4
compact,79,0.0,0.0,0.0,0.6,1.4
compact,80,0.0,0.0,0.0,0.6,1.4
noncompact,1,0.40000000000000013,0.0,0.0,0.5999999999999991,1.400000000000002
noncompact,2,0.4000000000000001,0.0,0.0,0.5999999999999991,1.400000000000002
noncompact,3,0.4000000000000001,0.0,0.0,0.5999999999999991,1.400000000000002
noncompact,4,0.4000000000000001,0.0,0.0,0.5999999999999991,1.400000000000002
noncompact,5,0.4000000000000001,0.0,0.0,0.5999999999999991,1.400000000000002
noncompact,6,0.4000000000000001,0.0,0.0,0.5999999999999991,1.400000000000002
noncompact,7,0.4000000000000001,0.0,0.0,0.5999999999999991,1.400000000000002
noncompact,8,0.4000000000000001,0.0,0.0,0.5999999999999991,1.400000000000002
noncompact,9,0.4000000000000001,0.0,0.0,0.5999999999999991,1.400000000000002
noncompact,10,0.4000000000000001,0.0,0.0,0.5999999999999991,1.400000000000002
noncompact,11,0.4000000000000001,0.0,0.0,0.5999999999999991,1.400000000000002
noncompact,12,0.4000000000000001,0.0,0.0,0.5999999999999991,1.400000000000002
noncompact,13,0.4,0.0,0.0,0.5999999999999991,1.400000000000002
noncompact,14,0.4,0.0,0.0,0.5999999999999991,1.400000000000002
noncompact,15,0.4,0.0,0.0,0.5999999999999991,1.400000000000002
noncompact,16,0.4,0.0,0.0,0.5999999999999991,1.400000000000002
noncompact,17,0.4,0.0,0.0,0.5999999999999991,1.400000000000002
noncompact,18,0.4,0.0,0.0,0.5999999999999991,1.400000000000002
noncompact,19,0.4,0.0,0.0,0.5999999999999991,1.400000000000002
noncompact,20,0.4,0.0,0.0,0.5999999999999991,1.400000000000002
noncompact,21,0.4,0.0,0.0,0.5999999999999991,1.400000000000002
noncompact,22,0.4,0.0,0.0,0.5999999999999991,1.400000000000002
noncompact,23,0.4,0.0,0.0,0.5999999999999991,1.400000000000002
noncompact,24,0.4,0.0,0.0,0.5999999999999991,1.400000000000002
noncompact,25,0.3999999999999999,0.0,0.0,0.5999999999999991,1.400000000000002
noncompact,26,0.3999999999999999,0.0,0.0,0.5999999999999991,1.400000000000002
noncompact,27,0.3999999999999999,0.0,0.0,0.5999999999999991,1.400000000000002
noncompact,28,0.39999999999999986,0.0,0.0,0.5999999999999991,1.400000000000002
noncompact,29,0.39999999999999986,0.0,0.0,0.5999999999999991,1.400000000000002
noncompact,30,0.39999999999999986,0.0,0.0,0.5999999999999991,1.400000000000002
noncompact,31,0.0,0.0,0.0,0.5999999999999991,1.400000000000002
noncompact,32,0.0,0.0,0.0,0.5999999999999991,1.400000000000002
noncompact,33,0.0,0.0,0.0,0.5999999999999991,1.400000000000002
noncompact,34,0.0,0.0,0.0,0.5999999999999991,1.400000000000002
noncompact,35,0.0,0.0,0.0,0.5999999999999991,1.400000000000002
noncompact,36,0.0,0.0,0.0,0.5999999999999991,1.400000000000002
noncompact,37,0.0,0.0,0.0,0.5999999999999991,1.400000000000002
noncompact,38,0.0,0.0,0.0,0.5999999999999991,1.400000000000002
noncompact,39,0.0,0.0,0.0,0.5999999999999991,1.400000000000002
noncompact,40,0.0,0.0,0.0,0.5999999999999991,1.400000000000002
noncompact,41,0.0,0.0,0.0,0.5999999999999991,1.400000000000002
noncompact,42,0.0,0.0,0.0,0.5999999999999991,1.400000000000002
noncompact,43,0.0,0.0,0.0,0.5999999999999991,1.400000000000002
noncompact,44,0.0,0.0,0.0,0.5999999999999991,1.400000000000002
noncompact,45,0.0,0.0,0.0,0.5999999999999991,1.400000000000002
noncompact,46,0.0,0.0,0.0,0.5999999999999991,1.400000000000002
noncompact,47,0.0,0.0,0.0,0.5999999999999991,1.400000000000002
noncompact,48,0.0,0.0,0.0,0.5999999999999991,1.400000000000002
noncompact,49,0.0,0.0,0.0,0.5999999999999991,1.400000000000002
noncompact,50,0.0,0.0,0.0,0.5999999999999991,1.400000000000002
noncompact,51,0.0,0.0,0.0,0.5999999999999991,1.400000000000002
noncompact,52,0.0,0.0,0.0,0.5999999999999991,1.400000000000002
noncompact,53,0.0,0.0,0.0,0.5999999999999991,1.400000000000002
noncompact,54,0.0,0.0,0.0,0.5999999999999991,1.400000000000002
noncompact,55,0.0,0.0,0.0,0.5999999999999991,1.400000000000002
noncompact,56,0.0,0.0,0.0,0.5999999999999991,1.400000000000002
noncompact,57,0.0,0.0,0.0,0.5999999999999991,1.400000000000002
noncompact,58,0.0,0.0,0.0,0.5999999999999991,1.400000000000002
noncompact,59,0.0,0.0,0.0,0.5999999999999991,1.400000000000002
noncompact,60,0.0,0.0,0.0,0.5999999999999991,1.400000000000002
noncompact,61,0.0,0.0,0.0,0.5999999999999991,1.400000000000002
noncompact,62,0.0,0.0,0.0,0.5999999999999991,1.400000000000002
noncompact,63,0.0,0.0,0.0,0.5999999999999991,1.400000000000002
noncompact,64,0.0,0.0,0.0,0.5999999999999991,1.400000000000002
noncompact,65,0.0,0.0,0.0,0.5999999999999991,1.400000000000002
noncompact,66,0.0,0.0,0.0,0.5999999999999991,1.400000000000002
noncompact,67,0.0,0.0,0.0,0.5999999999999991,1.400000000000002
noncompact,68,0.0,0.0,0.0,0.5999999999999991,1.400000000000002
noncompact,69,0.0,0.0,0.0,0.5999999999999991,1.400000000000002
noncompact,70,0.0,0.0,0.0,0.5999999999999991,1.400000000000002
noncompact,71,0.0,0.0,0.0,0.5999999999999991,1.400000000000002
noncompact,72,0.0,0.0,0.0,0.5999999999999991,1.400000000000002
noncompact,73,0.0,0.0,0.0,0.5999999999999991,1.400000000000002
noncompact,74,0.0,0.0,0.0,0.5999999999999991,1.400000000000002
noncompact,75,0.0,0.0,0.0,0.5999999999999991,1.400000000000002
noncompact,76,0.0,0.0,0.0,0.5999999999999991,1.400000000000002
noncompact,77,0.0,0.0,0.0,0.5999999999999991,1.400000000000002
noncompact,78,0.0,0.0,0.0,0.5999999999999991,1.400000000000002
noncompact,79,0.0,0.0,0.0,0.5999999999999991,1.400000000000002
noncompact,80,0.0,0.0,0.0,0.5999999999999991,1.400000000000002
