n,window_bound,tail_bound,completed_upper
1,1.0,0.35355339059327373,1.3535533905932737
2,0.25,0.19245008972987526,0.44245008972987526
3,0.1111111111111111,0.125,0.2361111111111111
4,0.0625,0.0894427190999916,0.1519427190999916
5,0.04,0.06804138174397717,0.10804138174397718
6,0.027777777777777776,0.053994924715603895,0.08177270249338167
7,0.02040816326530612,0.044194173824159216,0.06460233708946533
8,0.015625,0.037037037037037035,0.052662037037037035
9,0.012345679012345678,0.03162277660168379,0.04396845561402947
10,0.01,0.027410122234342152,0.037410122234342154
11,0.008264462809917356,0.024056261216234408,0.03232072402615176
12,0.006944444444444444,0.021334622931739582,0.028279067376184026
13,0.005917159763313609,0.019090088708030313,0.02500724847134392
14,0.00510204081632653,0.01721325931647741,0.022315300132803938
15,0.0044444444444444444,0.015625,0.020069444444444445
16,0.00390625,0.01426680147272547,0.018173051472725472
17,0.0034602076124567475,0.013094570021973104,0.016554777634429852
18,0.0030864197530864196,0.012074512308976935,0.015160932062063355
19,0.002770083102493075,0.01118033988749895,0.013950422989992025
20,0.0025,0.010391328106475828,0.012891328106475829
21,0.0022675736961451248,0.009690941652527747,0.011958515348672871
22,0.002066115702479339,0.009065844089438033,0.011131959791917372
23,0.001890359168241966,0.008505172717997146,0.010395531886239113
24,0.001736111111111111,0.008,0.009736111111111112
25,0.0016,0.00754292827454554,0.00914292827454554
26,0.0014792899408284023,0.007127781101106491,0.008607071041934894
27,0.0013717421124828531,0.006749365589450487,0.00812110770193334
28,0.0012755102040816326,0.006403287523346617,0.007678797727428249
29,0.0011890606420927466,0.006085806194501846,0.007274866836594593
30,0.0011111111111111111,0.005793719420218546,0.006904830531329657
31,0.001040582726326743,0.005524271728019902,0.0065648544543466456
32,0.0009765625,0.0052750804835059945,0.0062516429835059945
33,0.0009182736455463728,0.005044076033603202,0.005962349679149575
34,0.0008650519031141869,0.004829452884162952,0.005694504787277139
35,0.0008163265306122449,0.004629629629629629,0.0054459561602418745
36,0.0007716049382716049,0.004443215873117765,0.00521482081138937
37,0.0007304601899196494,0.004268984766599014,0.004999444956518663
38,0.0006925207756232687,0.004105850097566336,0.004798370873189605
39,0.0006574621959237344,0.003952847075210474,0.004610309271134209
40,0.000625,0.0038091161436245385,0.004434116143624539
41,0.000594883997620464,0.0036738892848117125,0.004268773282432177
42,0.0005668934240362812,0.0035464783798280154,0.0041133718038642965
43,0.0005408328826392645,0.003426265279292769,0.003967098161932033
44,0.0005165289256198347,0.003312693299999689,0.0038292222256195237
45,0.0004938271604938272,0.0032052599164108073,0.0036990870769046343
46,0.0004725897920604915,0.003103510457402012,0.0035761002494625036
47,0.0004526935264825713,0.003007032652029301,0.003459726178511872
48,0.00043402777777777775,0.0029154518950437317,0.0033494796728215093
49,0.00041649312786339027,0.0028284271247461905,0.003244920252609581
50,0.0004,0.002745647223584333,0.003145647223584333
51,0.00038446751249519417,0.002666827866467448,0.003051295378962642
52,0.0003698224852071006,0.0025917087537488497,0.0029615312389559504
53,0.000355998576005696,0.0025200511757028582,0.0028760497517085542
54,0.0003429355281207133,0.002451635863502699,0.002794571391623412
55,0.00033057851239669424,0.002386261088503789,0.0027168396009004834
56,0.00031887755102040814,0.0023237409773070945,0.0026426185283275026
57,0.0003077870113881194,0.002263904014822803,0.0025716910262109224
58,0.00029726516052318666,0.0022065917115393877,0.0025038568720625745
59,0.0002872737719046251,0.002151657414559676,0.002438931186464301
60,0.0002777777777777778,0.0020989652448015735,0.0023767430225793513
61,0.0002687449610319806,0.002048389145164363,0.0023171341061963436
62,0.00026014568158168577,0.0019998120265038474,0.0022599577080855333
63,0.0002519526329050139,0.001953125,0.0022050776329050137
64,0.000244140625,0.0019082266859878222,0.002152367310987822
65,0.00023668639053254438,0.0018650225905959504,0.0021017089811284947
66,0.0002295684113865932,0.0018234245426314213,0.0020529929540180143
67,0.00022276676319893073,0.0017833501840906838,0.0020061169472896144
68,0.00021626297577854672,0.0017447225084894085,0.0019609854842679553
69,0.00021003990758244065,0.0017074694419062768,0.0019175093494887174
70,0.00020408163265306123,0.001671523462244864,0.0018756050948979253
71,0.00019837333862328903,0.001636821252746638,0.001835194591369927
72,0.00019290123456790122,0.001603303386248364,0.0017962046208162652
73,0.00018765246762994934,0.001570914037078639,0.0017585665047085883
74,0.00018261504747991235,0.001539600717839002,0.0017222157653189142
75,0.00017777777777777779,0.0015093140386221169,0.0016870918163998947
76,0.00017313019390581717,0.0014800074864888045,0.0016531376803946218
77,0.00016866250632484398,0.0014516372232623023,0.0016202997295871463
78,0.0001643655489809336,0.0014241618999063595,0.001588527448887293
79,0.0001602307322544464,0.0013975424859373688,0.0015577732181918152
80,0.00015625,0.0013717421124828531,0.001527992112482853
81,0.00015241579027587258,0.001346725927742031,0.0014991417180179037
82,0.000148720999405116,0.001322460963731209,0.0014711819631363248
83,0.00014515894904920887,0.0012989160133094785,0.0014440749623586874
84,0.0001417233560090703,0.0012760615165803304,0.0014177848725894008
85,0.0001384083044982699,0.0012538694558539352,0.0013922777603522052
86,0.00013520822065981613,0.001232313258434247,0.001367521479094063
87,0.0001321178491214163,0.0012113677065659684,0.0013434855556873847
88,0.00012913223140495868,0.0011910088539397303,0.001320141085344689
89,0.00012624668602449185,0.001171213948210511,0.0012974606342350027
90,0.0001234567901234568,0.001151961359035075,0.0012754181491585318
91,0.00012075836251660427,0.0011332305111797542,0.0012539888736963585
92,0.00011814744801512288,0.00111500182229078,0.0012331492703059029
93,0.00011562030292519366,0.0010972566449561631,0.0012128769478813568
94,0.00011317338162064282,0.001079977212721215,0.0011931505943418579
95,0.00011080332409972299,0.0010631465897496433,0.0011739499138493663
96,0.00010850694444444444,0.0010467486238490919,0.0011552555682935364
97,0.00010628122010840685,0.0010307679026042968,0.0011370491227127037
98,0.00010412328196584757,0.0010151897123830424,0.00111931299434889
99,0.00010203040506070809,0.001,0.001102030405060708
100,0.0001,0.0009851853368415735,0.0010851853368415735
101,9.802960494069208e-05,0.0009707328852712494,0.0010687624902119416
102,9.611687812379854e-05,0.0009566303671497992,0.0010527472452735976
103,9.425959091337543e-05,0.0009428660343181925,0.001037125625231568
104,9.245562130177515e-05,0.000929428640903365,0.0010218842622051402
105,9.070294784580499e-05,0.0009163074173181738,0.0010070103651639787
106,8.8999644001424e-05,0.0009034920458370688,0.0009924916898384928
107,8.734387282732117e-05,0.0008909726376383114,0.0009783165104656326
108,8.573388203017832e-05,0.0008787397112120654,0.0009644735932422437
109,8.416799932665601e-05,0.0008667841720414475,0.0009509521713681035
110,8.264462809917356e-05,0.0008550972934707199,0.0009377419215698935
111,8.116224332440549e-05,0.0008436706986813109,0.0009248329420057164
112,7.971938775510203e-05,0.0008324963437022986,0.0009122157314574006
113,7.831466833737959e-05,0.0008215665013874509,0.0008998811697248305
114,7.694675284702985e-05,0.0008108737462959251,0.0008878204991429549
115,7.561436672967863e-05,0.0008004109404183271,0.0008760253071480057
116,7.431629013079666e-05,0.0007901712196940586,0.0008644875098248552
117,7.305135510263716e-05,0.0007801479812697656,0.0008531993363724027
118,7.181844297615628e-05,0.0007703348714522785,0.0008421533144284348
119,7.06164818868724e-05,0.0007607257743127308,0.0008313422561996032
120,6.944444444444444e-05,0.0007513148009015778,0.0008207592453460223
121,6.830134553650706e-05,0.0007420962790370372,0.0008103976245735443
122,6.718624025799516e-05,0.0007330647436320588,0.0008002509838900539
123,6.609822195782933e-05,0.0007242149275273182,0.0007903131494851475
124,6.503642039542144e-05,0.0007155417527999328,0.0007805781731953543
125,6.4e-05,0.0007070403225196412,0.0007710403225196413
126,6.298815822625347e-05,0.0006987059129260739,0.0007616940711523273
127,6.2000124000248e-05,0.0006905339660024878,0.0007525340900027357
128,6.103515625e-05,0.0006825200824229641,0.0007435552386729641
129,6.009254251547383e-05,0.000674660014851561,0.0007347525573670348
130,5.9171597633136094e-05,0.0006669496615733113,0.0007261212592064475
131,5.8271662490530857e-05,0.0006593850604382493,0.0007176567229287802
132,5.73921028466483e-05,0.000651962383100842,0.0007093544859474903
133,5.6532308214144386e-05,0.0006446779295383284,0.0007012102377524728
134,5.569169079973268e-05,0.0006375281228324966,0.0006932198136322293
135,5.486968449931413e-05,0.0006305095042004002,0.0006853791886997143
136,5.406574394463668e-05,0.0006236187282604095,0.0006776844722050461
137,5.3279343598486864e-05,0.0006168525585208323,0.0006701319021193192
138,5.250997689561016e-05,0.0006102078630791159,0.000662717839974726
139,5.175715542673774e-05,0.000603681610520369,0.0006554387659471067
140,5.102040816326531e-05,0.0005972708660046234,0.0006482912741678886
141,5.02992807202857e-05,0.0005909727875328797,0.0006412720682531654
142,4.959333465582226e-05,0.000584784622382581,0.0006343779570384033
143,4.8902146804244705e-05,0.0005787037037037037,0.0006276058505079484
144,4.8225308641975306e-05,0.0005727274472671723,0.0006209527559091476
145,4.756242568370987e-05,0.0005668533483577863,0.0006144157740414961
146,4.6913116907487336e-05,0.0005610789788043011,0.0006079920957117884
147,4.627701420704336e-05,0.0005554019841397206,0.000601678998346764
148,4.565376186997809e-05,0.000549820080885262,0.0005954738427552402
149,4.504301608035674e-05,0.0005443310539518174,0.0005893740700321741
150,4.4444444444444447e-05,0.0005389327541530858,0.0005833771985975303
151,4.385772553835358e-05,0.0005336230958248768,0.0005774808213632304
152,4.3282548476454294e-05,0.0005284000545453878,0.0005716826030218421
153,4.2718612499466016e-05,0.0005232616649515457,0.0005659802774510117
154,4.2165626581210996e-05,0.0005182060186467735,0.0005603716452279845
155,4.162330905306972e-05,0.000513231262195792,0.0005548545712488618
156,4.10913872452334e-05,0.0005083355952023071,0.0005494269824475405
157,4.056959714390036e-05,0.0005035172684656519,0.0005440868656095523
158,4.00576830636116e-05,0.0004987745822126692,0.0005388322652762808
159,3.955539733396622e-05,0.0004941058844013092,0.0005336612817352755
160,3.90625e-05,0.000489509569092609,0.0005285720690926091
161,3.8578758535550326e-05,0.0004849840748878927,0.000523562833423443
162,3.8103947568968146e-05,0.0004805278834281947,0.0005186318309971629
163,3.7637848620572846e-05,0.0004761395179530673,0.0005137773665736401
164,3.7180249851279e-05,0.0004718175419160745,0.0005089977917673535
165,3.6730945821854914e-05,0.0004675605576544174,0.0005042915034762723
166,3.628973726230222e-05,0.0004633672051102616,0.0004996569423725638
167,3.58564308508731e-05,0.00045923616060146406,0.0004950925914523371
168,3.5430839002267575e-05,0.0004551661356395084,0.000490596974641776
169,3.501277966457757e-05,0.0004511558757925709,0.0004861686554571485
170,3.460207612456748e-05,0.0004472041595917383,0.0004818062357163058
171,3.419855682090216e-05,0.00044330979747850193,0.0004775083542994041
172,3.380205516495403e-05,0.0004394716307917373,0.0004732736859566913
173,3.3412409368839586e-05,0.0004356885307924732,0.00046910094016131275
174,3.302946228035408e-05,0.0004319593977248311,0.0004649888600051852
175,3.265306122448979e-05,0.0004282831599115961,0.0004609362211360859
176,3.228305785123967e-05,0.00042465877288295415,0.0004569418307341938
177,3.191930798940279e-05,0.00042108521853700086,0.00045300452652640366
178,3.156167150612296e-05,0.00041756150433069043,0.0004491231758368134
179,3.121001217190475e-05,0.0004140866624999611,0.0004452966746718659
180,3.08641975308642e-05,0.00041065974930782674,0.00044152394683869093
181,3.0524098775983637e-05,0.0004072798443192864,0.00043780394309527
182,3.0189590629151068e-05,0.0004039460497019524,0.00043413564033110345
183,2.986055122577563e-05,0.0004006574895513509,0.00043051804077712654
184,2.953686200378072e-05,0.0003974133092398961,0.00042695017124367684
185,2.9218407596785974e-05,0.0003942126747885841,0.0004234310823853701
186,2.8905075731298415e-05,0.0003910547722604977,0.0004199598479917961
187,2.8596757127741712e-05,0.0003879388071752515,0.0004165355643029932
188,2.8293345405160706e-05,0.0003848640039435492,0.00041315734934870994
189,2.7994736989445986e-05,0.0003818296053210588,0.00040982434231050474
190,2.7700831024930747e-05,0.0003788348718808491,0.00040653570290577983
191,2.7411529289219047e-05,0.0003758790815036626,0.00040329061079288165
192,2.712673611111111e-05,0.00037296152888533396,0.0004000882649964451
193,2.684635829149776e-05,0.0003700815250606898,0.00039692788335218756
194,2.6570305027101713e-05,0.0003672383969432989,0.00039380870197040064
195,2.6298487836949376e-05,0.00036443148688046647,0.00039072997471741586
196,2.6030820491461892e-05,0.0003616601522228916,0.0003876909727143535
197,2.5767218944059367e-05,0.0003589237649084351,0.0003846909838524945
198,2.5507601265177022e-05,0.0003562217110594653,0.0003817293123246423
199,2.52518875785965e-05,0.0003535533905932738,0.0003788052781718703
200,2.5e-05,0.0003509182168450738,0.0003759182168450738
