m,max_scalar_diagonal_capacity,largest_family_capacity_eigenvalue,normalized_all_ones_recombination_capacity,family_bound_I_passes,diagonal_bound_I_passes
1,1.0,1.0,1.0,True,True
2,1.0,2.0,1.9999999999999996,False,True
3,1.0,2.9999999999999996,3.000000000000001,False,True
4,1.0,3.999999999999999,4.0,False,True
5,1.0,5.0,5.0,False,True
6,1.0,5.999999999999999,6.000000000000001,False,True
7,1.0,7.0,6.999999999999999,False,True
8,1.0,8.0,7.999999999999999,False,True
9,1.0,9.0,9.0,False,True
10,1.0,10.0,10.0,False,True
11,1.0,11.0,11.000000000000002,False,True
12,1.0,12.0,12.000000000000002,False,True
13,1.0,13.0,13.000000000000002,False,True
14,1.0,14.000000000000002,14.000000000000002,False,True
15,1.0,14.999999999999998,14.999999999999998,False,True
16,1.0,16.0,16.0,False,True
17,1.0,17.00000000000001,17.0,False,True
18,1.0,18.0,18.000000000000004,False,True
19,1.0,18.999999999999993,18.999999999999996,False,True
20,1.0,20.00000000000001,20.0,False,True
21,1.0,21.0,21.000000000000004,False,True
22,1.0,22.0,21.999999999999996,False,True
23,1.0,23.000000000000004,23.000000000000004,False,True
24,1.0,24.0,24.000000000000004,False,True
25,1.0,25.000000000000007,25.0,False,True
26,1.0,26.0,26.000000000000004,False,True
27,1.0,26.999999999999993,27.0,False,True
28,1.0,28.0,28.0,False,True
29,1.0,28.999999999999996,28.999999999999996,False,True
30,1.0,29.99999999999999,29.999999999999996,False,True
31,1.0,31.0,31.0,False,True
32,1.0,32.0,31.999999999999993,False,True
